name,lat,lon,capacity_mw,source
Vindhyachal power station,24.0983,82.6719,4760.0,https://www.gem.wiki/Vindhyachal_power_station
Mundra Thermal Power Project (Adani),22.823541,69.55443,4620.0,https://www.gem.wiki/Mundra_Thermal_Power_Project_(Adani)
Ramagundam power station,18.755622,79.462977,4200.0,https://www.gem.wiki/Ramagundam_power_station
Tata Mundra Ultra Mega Power Project,22.8158,69.5281,4000.0,https://www.gem.wiki/Tata_Mundra_Ultra_Mega_Power_Project
Sasan Ultra Mega Power Project,23.977523,82.626473,3960.0,https://www.gem.wiki/Sasan_Ultra_Mega_Power_Project
Tamnar power station,22.098747,83.451312,3400.0,https://www.gem.wiki/Tamnar_power_station
Tiroda Thermal Power Project,21.412502,79.96731,3300.0,https://www.gem.wiki/Tiroda_Thermal_Power_Project
Talcher Kaniha Super Thermal Power Station,21.097067,85.075027,3000.0,https://www.gem.wiki/Talcher_Kaniha_Super_Thermal_Power_Station
Rihand power station,24.027,82.7915,3000.0,https://www.gem.wiki/Rihand_power_station
Sipat power station,22.131662,82.29035,2980.0,https://www.gem.wiki/Sipat_power_station
Chandrapur Thermal Power Station,20.0063,79.29,2920.0,https://www.gem.wiki/Chandrapur_Thermal_Power_Station
Suratgarh Super Thermal Power Station,29.172101,74.018938,2820.0,https://www.gem.wiki/Suratgarh_Super_Thermal_Power_Station
Korba Super Thermal Power Station (NTPC),22.387552,82.682647,2600.0,https://www.gem.wiki/Korba_Super_Thermal_Power_Station_(NTPC)
Dr. Narla Tata Rao Thermal power station,16.596057,80.538088,2560.0,https://www.gem.wiki/Dr._Narla_Tata_Rao_Thermal_power_station
Shree Singaji Thermal Power Project,22.09914,76.531727,2520.0,https://www.gem.wiki/Shree_Singaji_Thermal_Power_Project
Jharsuguda Sterlite power station,21.815743,84.042036,2400.0,https://www.gem.wiki/Jharsuguda_Sterlite_power_station
Sri Damodaram Sanjeevaiah Thermal Power Station,14.327604,80.122105,2400.0,https://www.gem.wiki/Sri_Damodaram_Sanjeevaiah_Thermal_Power_Station
Kudgi Super Thermal Power Project,16.499546,75.834632,2400.0,https://www.gem.wiki/Kudgi_Super_Thermal_Power_Project
Mejia power station,23.4639,87.1311,2340.0,https://www.gem.wiki/Mejia_power_station
Kahalgaon Super Thermal Power Plant,25.236903,87.265595,2340.0,https://www.gem.wiki/Kahalgaon_Super_Thermal_Power_Plant
Chhabra Thermal Power Station,24.62855,77.037183,2320.0,https://www.gem.wiki/Chhabra_Thermal_Power_Station
Mauda power station,21.18074,79.396541,2320.0,https://www.gem.wiki/Mauda_power_station
Obra Thermal Power Station,24.444535,82.980143,2320.0,https://www.gem.wiki/Obra_Thermal_Power_Station
Wanakbori Thermal Power Station,22.875234,73.360958,2270.0,https://www.gem.wiki/Wanakbori_Thermal_Power_Station
Koradi Thermal Power Station,21.236566,79.092239,2190.0,https://www.gem.wiki/Koradi_Thermal_Power_Station
Farakka power station,24.772729,87.893707,2100.0,https://www.gem.wiki/Farakka_power_station
BALCO Korba power station,22.397883,82.740581,2010.0,https://www.gem.wiki/BALCO_Korba_power_station
Simhadri power station,17.591,83.09166,2000.0,https://www.gem.wiki/Simhadri_power_station
Singrauli Super Thermal Power Station,24.104212,82.706355,2000.0,https://www.gem.wiki/Singrauli_Super_Thermal_Power_Station
Nabinagar Super Thermal Power Project,24.776,84.158025,1980.0,https://www.gem.wiki/Nabinagar_Super_Thermal_Power_Project
Talwandi Sabo Power Project,29.92458,75.238929,1980.0,https://www.gem.wiki/Talwandi_Sabo_Power_Project
Lalitpur power project,24.795833,78.646944,1980.0,https://www.gem.wiki/Lalitpur_power_project
Bara Thermal Power Project,25.196345,81.658534,1980.0,https://www.gem.wiki/Bara_Thermal_Power_Project
Barh I power station,25.4865,85.74516,1980.0,https://www.gem.wiki/Barh_I_power_station
North Karanpura power station,23.850772,85.012411,1980.0,https://www.gem.wiki/North_Karanpura_power_station
Neyveli Thermal Power Station II,11.556527,79.441365,1970.0,https://www.gem.wiki/Neyveli_Thermal_Power_Station_II
Bhusawal Thermal Power Station,21.04798,75.85502,1870.0,https://www.gem.wiki/Bhusawal_Thermal_Power_Station
North Chennai Thermal Power Station,13.253013,80.327804,1830.0,https://www.gem.wiki/North_Chennai_Thermal_Power_Station
National Capital Dadri Thermal Power Plant,28.603,77.6078,1820.0,https://www.gem.wiki/National_Capital_Dadri_Thermal_Power_Plant
Kothagudem Thermal Power Station,17.6219,80.69355,1800.0,https://www.gem.wiki/Kothagudem_Thermal_Power_Station
KSK Mahanadi Power Project,21.960296,82.409064,1800.0,https://www.gem.wiki/KSK_Mahanadi_Power_Project
Tanda power station,26.58927,82.60059,1760.0,https://www.gem.wiki/Tanda_power_station
Ib Valley Thermal Power Station,21.690501,83.860111,1740.0,https://www.gem.wiki/Ib_Valley_Thermal_Power_Station
Raichur Thermal Power Station,16.3532,77.3422,1720.0,https://www.gem.wiki/Raichur_Thermal_Power_Station
Bellary Thermal Power Station,15.193174,76.719503,1700.0,https://www.gem.wiki/Bellary_Thermal_Power_Station
Rayalaseema Thermal Power Project,14.697282,78.459364,1650.0,https://www.gem.wiki/Rayalaseema_Thermal_Power_Project
Anpara power station,24.202043,82.789128,1630.0,https://www.gem.wiki/Anpara_power_station
Lara Integrated Thermal Power Project,21.757661,83.457545,1600.0,https://www.gem.wiki/Lara_Integrated_Thermal_Power_Project
Sagardighi Thermal Power Station,24.368814,88.104,1600.0,https://www.gem.wiki/Sagardighi_Thermal_Power_Station
Yadadri power station,16.708219,79.581184,1600.0,https://www.gem.wiki/Yadadri_power_station
Gadarwara Super Thermal Power Project,22.861752,78.866129,1600.0,https://www.gem.wiki/Gadarwara_Super_Thermal_Power_Project
Yermarus power station,16.295261,77.35612,1600.0,https://www.gem.wiki/Yermarus_power_station
Darlipali power station,21.963554,83.89187,1600.0,https://www.gem.wiki/Darlipali_power_station
Adani Godda power station,24.814107,87.135465,1600.0,https://www.gem.wiki/Adani_Godda_power_station
Feroze Gandhi Unchahar Power Station,25.913274,81.325106,1550.0,https://www.gem.wiki/Feroze_Gandhi_Unchahar_Power_Station
Vallur Thermal Power Plant,13.237131,80.301754,1500.0,https://www.gem.wiki/Vallur_Thermal_Power_Plant
Indira Gandhi Super Thermal Power Project,28.485091,76.37316,1500.0,https://www.gem.wiki/Indira_Gandhi_Super_Thermal_Power_Project
Uchpinda power station,21.8864,83.12081,1440.0,https://www.gem.wiki/Uchpinda_power_station
Mettur Thermal Power Station,11.773035,77.815404,1440.0,https://www.gem.wiki/Mettur_Thermal_Power_Station
Rajpura Thermal Power Project,30.558963,76.577593,1400.0,https://www.gem.wiki/Rajpura_Thermal_Power_Project
Raikheda power station,21.449918,81.852474,1370.0,https://www.gem.wiki/Raikheda_power_station
Amravati Thermal Power Project,21.080316,77.901242,1350.0,https://www.gem.wiki/Amravati_Thermal_Power_Project
Nasik RattanIndia Thermal Power Project,19.866659,74.081749,1350.0,https://www.gem.wiki/Nasik_RattanIndia_Thermal_Power_Project
Khaperkheda power station,21.2818,79.116,1340.0,https://www.gem.wiki/Khaperkheda_power_station
Hasdeo Thermal Power Station,22.412536,82.682187,1340.0,https://www.gem.wiki/Hasdeo_Thermal_Power_Station
Sanjay Gandhi power station,23.305744,81.064817,1340.0,https://www.gem.wiki/Sanjay_Gandhi_power_station
Muthukur Mandal power station (Painampuram),14.351195,80.143086,1320.0,https://www.gem.wiki/Muthukur_Mandal_power_station_(Painampuram)
Bander power station,14.351195,80.143086,1320.0,https://www.gem.wiki/Bander_power_station
Mahatma Gandhi power station,28.488143,76.352534,1320.0,https://www.gem.wiki/Mahatma_Gandhi_power_station
Barh II power station,25.4865,85.74516,1320.0,https://www.gem.wiki/Barh_II_power_station
Khargone power station,22.065169,75.851943,1320.0,https://www.gem.wiki/Khargone_power_station
Solapur power station,17.551296,75.9832,1320.0,https://www.gem.wiki/Solapur_power_station
Jaypee Nigrie Super Thermal Power Project,24.14997,81.904525,1320.0,https://www.gem.wiki/Jaypee_Nigrie_Super_Thermal_Power_Project
Jawaharpur Thermal Project,27.497098,78.826071,1320.0,https://www.gem.wiki/Jawaharpur_Thermal_Project
Meja Thermal Power Project,25.145867,81.940096,1320.0,https://www.gem.wiki/Meja_Thermal_Power_Project
Khurja power station,28.158333,77.908333,1320.0,https://www.gem.wiki/Khurja_power_station
Kawai Thermal Power Project,24.777997,76.737144,1320.0,https://www.gem.wiki/Kawai_Thermal_Power_Project
Ghatampur power station,25.975,80.1889,1320.0,https://www.gem.wiki/Ghatampur_power_station
Harduaganj power station,28.0175,78.13,1270.0,https://www.gem.wiki/Harduaganj_power_station
Anuppur Thermal Power Project,23.073731,81.784286,1260.0,https://www.gem.wiki/Anuppur_Thermal_Power_Project
Kota power station,25.171014,75.816976,1240.0,https://www.gem.wiki/Kota_power_station
Jharsuguda CPP power station,21.787993,84.054361,1215.0,https://www.gem.wiki/Jharsuguda_CPP_power_station
Salaya power plant,22.3049,69.7101,1200.0,https://www.gem.wiki/Salaya_power_plant
Rajiv Gandhi Thermal Power Project,29.34698,75.857538,1200.0,https://www.gem.wiki/Rajiv_Gandhi_Thermal_Power_Project
Raghunathpur Thermal Power Station,23.62191,86.660703,1200.0,https://www.gem.wiki/Raghunathpur_Thermal_Power_Station
Udupi power station,13.1596,74.8002,1200.0,https://www.gem.wiki/Udupi_power_station
Mutiara Coastal Energen Thermal Power Plant,8.912716,78.144965,1200.0,https://www.gem.wiki/Mutiara_Coastal_Energen_Thermal_Power_Plant
Ratnagiri Power Plant,17.296375,73.213105,1200.0,https://www.gem.wiki/Ratnagiri_Power_Plant
Baradarha power station,21.911436,83.188863,1200.0,https://www.gem.wiki/Baradarha_power_station
Anpara-C power station,24.203788,82.79733,1200.0,https://www.gem.wiki/Anpara-C_power_station
Rosa Thermal Power Plant,27.819446,79.937162,1200.0,https://www.gem.wiki/Rosa_Thermal_Power_Plant
Kalisindh Thermal Power Station,24.532513,76.100353,1200.0,https://www.gem.wiki/Kalisindh_Thermal_Power_Station
Pegadapalli (Jaipur Mandal) power station,18.827056,79.570284,1200.0,https://www.gem.wiki/Pegadapalli_(Jaipur_Mandal)_power_station
Cuddalore IL&FS power station,11.521509,79.751501,1200.0,https://www.gem.wiki/Cuddalore_IL&FS_power_station
Mahan Super Thermal Power Project,24.008674,82.41703,1200.0,https://www.gem.wiki/Mahan_Super_Thermal_Power_Project
Angul Smelter power station,20.849026,85.19022,1200.0,https://www.gem.wiki/Angul_Smelter_power_station
Angul power station,21.127044,84.980552,1200.0,https://www.gem.wiki/Angul_power_station
Ukai Thermal Power Station,21.2093,73.5574,1110.0,https://www.gem.wiki/Ukai_Thermal_Power_Station
Kakatiya Thermal Power Project,18.383193,79.827164,1100.0,https://www.gem.wiki/Kakatiya_Thermal_Power_Project
JSW Barmer Jalipa Kapurdi power station,25.895391,71.329871,1080.0,https://www.gem.wiki/JSW_Barmer_Jalipa_Kapurdi_power_station
Bhadradri power station,18.027488,80.735645,1080.0,https://www.gem.wiki/Bhadradri_power_station
Kamalanga power station,20.870576,85.266979,1050.0,https://www.gem.wiki/Kamalanga_power_station
Tuticorin Thermal Power Station,8.762518,78.175976,1050.0,https://www.gem.wiki/Tuticorin_Thermal_Power_Station
Bakreswar Thermal Power Station,23.82922,87.451034,1050.0,https://www.gem.wiki/Bakreswar_Thermal_Power_Station
Maithon Right Bank Thermal Power Station,23.8209,86.76,1050.0,https://www.gem.wiki/Maithon_Right_Bank_Thermal_Power_Station
Vizag Thermal Power Plant,17.563642,83.138877,1040.0,https://www.gem.wiki/Vizag_Thermal_Power_Plant
Meenakshi Energy Thermal Power Project,14.211195,80.090062,1000.0,https://www.gem.wiki/Meenakshi_Energy_Thermal_Power_Project
Tuticorin NTPL power station,8.760363,78.171083,1000.0,https://www.gem.wiki/Tuticorin_NTPL_power_station
Anpara-D power station,24.196262,82.806342,1000.0,https://www.gem.wiki/Anpara-D_power_station
New Neyveli Thermal Power Station,11.547055,79.44289,1000.0,https://www.gem.wiki/New_Neyveli_Thermal_Power_Station
Durgapur Steel City Andal power station,23.58,87.2043,1000.0,https://www.gem.wiki/Durgapur_Steel_City_Andal_power_station
Koderma Thermal Power Station,24.391534,85.561899,1000.0,https://www.gem.wiki/Koderma_Thermal_Power_Station
Nabinagar Thermal Power Project,24.705081,84.088738,1000.0,https://www.gem.wiki/Nabinagar_Thermal_Power_Project
Marwa power station,22.070801,82.602189,1000.0,https://www.gem.wiki/Marwa_power_station
Guru Hargobind Lehra Mohabbat Power Station,30.266555,75.166097,920.0,https://www.gem.wiki/Guru_Hargobind_Lehra_Mohabbat_Power_Station
Parichha power station,25.513571,78.757918,920.0,https://www.gem.wiki/Parichha_power_station
Aditya Aluminium power station,21.740068,84.060592,900.0,https://www.gem.wiki/Aditya_Aluminium_power_station
Mahan Aluminium power station,24.220902,82.437197,900.0,https://www.gem.wiki/Mahan_Aluminium_power_station
JSW Vijayanagar Toranagallu power station,15.186771,76.662139,860.0,https://www.gem.wiki/JSW_Vijayanagar_Toranagallu_power_station
Kolaghat Thermal Power Station,22.416565,87.870984,840.0,https://www.gem.wiki/Kolaghat_Thermal_Power_Station
Ropar power station,31.041809,76.5845,840.0,https://www.gem.wiki/Ropar_power_station
Angul Steel power station,20.892474,84.99039,810.0,https://www.gem.wiki/Angul_Steel_power_station
Patratu JSEB power station,23.64,85.2931,800.0,https://www.gem.wiki/Patratu_JSEB_power_station
Budge Budge Generating Station,22.470344,88.139949,750.0,https://www.gem.wiki/Budge_Budge_Generating_Station
Parli Thermal Power Station,18.907586,76.54295,750.0,https://www.gem.wiki/Parli_Thermal_Power_Station
Trombay power station,19.0027,72.8979,750.0,https://www.gem.wiki/Trombay_power_station
Bongaigaon power station,26.44437,90.367205,750.0,https://www.gem.wiki/Bongaigaon_power_station
Renusagar power station,24.181093,82.791279,725.7,https://www.gem.wiki/Renusagar_power_station
Panipat power station,29.397506,76.876316,710.0,https://www.gem.wiki/Panipat_power_station
Jharsuguda Ind-Barath power station,21.657942,83.919513,700.0,https://www.gem.wiki/Jharsuguda_Ind-Barath_power_station
Buxar Thermal Power Station,25.462349,83.882568,660.0,https://www.gem.wiki/Buxar_Thermal_Power_Station
Panki Thermal Power Station,26.4766,80.241,660.0,https://www.gem.wiki/Panki_Thermal_Power_Station
Nasik MAHAGENCO Thermal Power Station,19.981459,73.892056,630.0,https://www.gem.wiki/Nasik_MAHAGENCO_Thermal_Power_Station
Gandhinagar Thermal Power Station,23.249722,72.673889,610.0,https://www.gem.wiki/Gandhinagar_Thermal_Power_Station
Haldia Energy power station,22.060459,88.109748,600.0,https://www.gem.wiki/Haldia_Energy_power_station
Adani Raigarh Thermal Power Plant,21.743775,83.274093,600.0,https://www.gem.wiki/Adani_Raigarh_Thermal_Power_Plant
Simhapuri Thamminapatnam power station,14.204576,80.086636,600.0,https://www.gem.wiki/Simhapuri_Thamminapatnam_power_station
NTPC Seoni power station,22.735479,79.912341,600.0,https://www.gem.wiki/NTPC_Seoni_power_station
GMR Warora Energy power station,20.279656,78.975351,600.0,https://www.gem.wiki/GMR_Warora_Energy_power_station
Korba Power Thermal Power Plant (Adani),22.2454,82.7246,600.0,https://www.gem.wiki/Lanco_Amarkantak_Thermal_Power_Project
Binjkote power station,22.010422,83.205779,600.0,https://www.gem.wiki/Binjkote_power_station
Raigarh TRN Power Project,21.906738,83.128556,600.0,https://www.gem.wiki/Raigarh_TRN_Power_Project
Athena Chhattisgarh power station,21.906765,83.129001,600.0,https://www.gem.wiki/Athena_Chhattisgarh_power_station
Dhariwal power station,20.010588,79.203433,600.0,https://www.gem.wiki/Dhariwal_power_station
Butibori Power Project,20.928591,78.933281,600.0,https://www.gem.wiki/Butibori_Power_Project
Deenbandhu Chhotu Ram Thermal Power Plant,30.107518,77.326765,600.0,https://www.gem.wiki/Deenbandhu_Chhotu_Ram_Thermal_Power_Plant
Bhilai Steel power station,21.184,81.4237,560.0,https://www.gem.wiki/Bhilai_Steel_power_station
Durgapur Projects Limited power station,23.521147,87.302309,550.0,https://www.gem.wiki/Durgapur_Projects_Limited_power_station
Jojobera Power Plant,22.7554,86.2491,547.5,https://www.gem.wiki/Jojobera_Power_Plant
Dongamahua Captive Power Plant,22.127945,83.535919,540.0,https://www.gem.wiki/Dongamahua_Captive_Power_Plant
Mahadev Prasad Super Thermal Power Plant,22.836504,86.061294,540.0,https://www.gem.wiki/Mahadev_Prasad_Super_Thermal_Power_Plant
Goindwal Sahib Thermal Power Plant,31.38414,75.146503,540.0,https://www.gem.wiki/Goindwal_Sahib_Thermal_Power_Plant
Wardha Warora Power Plant,20.272443,78.978916,540.0,https://www.gem.wiki/Wardha_Warora_Power_Plant
SEPC Tuticorin power station,8.755311,78.158031,525.0,https://www.gem.wiki/SEPC_Tuticorin_power_station
Bhavnagar power station,21.583152,72.222179,500.0,https://www.gem.wiki/Bhavnagar_power_station
Dr. Shyama Prasad Mukherjee Thermal Power Station,22.368196,82.721986,500.0,https://www.gem.wiki/Dr._Shyama_Prasad_Mukherjee_Thermal_Power_Station
Barauni power station,25.391376,86.023488,500.0,https://www.gem.wiki/Barauni_power_station
Bina Thermal Power Project,24.317222,78.133564,500.0,https://www.gem.wiki/Bina_Thermal_Power_Project
Paras power station,20.7147,76.7948,500.0,https://www.gem.wiki/Paras_power_station
Dahanu power station,19.953483,72.748691,500.0,https://www.gem.wiki/Dahanu_power_station
Satpura Thermal Power Station,22.108133,78.177072,500.0,https://www.gem.wiki/Satpura_Thermal_Power_Station
Sikka Thermal Power Station,22.420828,69.8276,500.0,https://www.gem.wiki/Sikka_Thermal_Power_Station
Chandrapura power station,23.741256,86.120209,500.0,https://www.gem.wiki/Chandrapura_power_station
Bokaro Thermal Power Station,23.782944,85.883391,500.0,https://www.gem.wiki/Bokaro_Thermal_Power_Station
Surat Lignite Power Plant,21.397304,73.106993,500.0,https://www.gem.wiki/Surat_Lignite_Power_Plant
Santaldih Thermal Power Station,23.6013,86.4666,500.0,https://www.gem.wiki/Santaldih_Thermal_Power_Station
