geonameid,name,state,lat,lon,population
1252699,Zahirabad,Telangana,17.68138,77.60743,71166
1252758,Yelahanka,Karnataka,13.10073,77.59632,116447
1252770,Yavatmal,Maharashtra,20.39324,78.13201,128175
1252795,Yanam,Andhra Pradesh,16.73308,82.21364,55626
1252797,Yamuna Nagar,Haryana,30.12796,77.28371,217071
1252822,Yadgir,Karnataka,16.77007,77.13755,74294
1252840,Wokha,Nagaland,26.09717,94.25817,54010
1252908,Washim,Maharashtra,20.11128,77.133,78387
1252942,Wardha,Maharashtra,20.73933,78.59784,113759
1252948,Warangal,Telangana,18.0,79.58333,704570
1252956,Wanparti,Telangana,16.36738,78.06889,60949
1252960,Wani,Maharashtra,20.05507,78.95313,58840
1253079,Vrindavan,Uttar Pradesh,27.58105,77.69662,60195
1253084,Vizianagaram,Andhra Pradesh,18.11692,83.41148,228720
1253095,Visnagar,Gujarat,23.69855,72.5521,76753
1253102,Visakhapatnam,Andhra Pradesh,17.68009,83.20161,1063178
1253113,Virudunagar,Tamil Nadu,9.58509,77.95787,73273
1253133,Virar,Maharashtra,19.45591,72.81136,1222390
1253143,Viramgam,Gujarat,23.12564,72.05014,55821
1253150,Vinukonda,Andhra Pradesh,16.0531,79.73964,62550
1253166,Villupuram,Tamil Nadu,11.93975,79.49244,97380
1253182,Vikarabad,Telangana,17.3381,77.90441,53143
1253184,Vijayawada,Andhra Pradesh,16.50745,80.6466,1143232
1253200,Vidisha,Madhya Pradesh,23.52604,77.81092,155951
1253237,Veraval,Gujarat,20.9077,70.36786,171121
1253251,Venkatagiri,Andhra Pradesh,13.96005,79.58032,52688
1253286,Vellore,Tamil Nadu,12.9184,79.13255,484690
1253315,Vejalpur,Gujarat,22.69021,73.56299,121610
1253367,Vasco da Gama,Goa,15.39585,73.81568,100485
1253405,Varanasi,Uttar Pradesh,25.31668,83.01041,1164404
1253437,Vaniyambadi,Tamil Nadu,12.68162,78.62014,95061
1253468,Valsad,Gujarat,20.61013,72.93428,139764
1253472,Valparai,Tamil Nadu,10.32691,76.95116,90353
1253573,Vadodara,Gujarat,22.29941,73.20812,1822221
1253676,Urun-Islampur,Maharashtra,17.05,74.26667,67391
1253736,Upleta,Gujarat,21.74015,70.28256,58775
1253744,Uppal Kalan,Telangana,17.40577,78.55911,118259
1253747,Unnao,Uttar Pradesh,26.54706,80.48781,161671
1253750,Unjha,Gujarat,23.80366,72.39101,57108
1253783,Una,Gujarat,20.82318,71.03795,58528
1253807,Umred,Maharashtra,20.85396,79.32466,53971
1253880,Uluberiya,West Bengal,22.4756,88.09898,235345
1253888,Ullal,Karnataka,12.80569,74.86058,59116
1253894,Ulhasnagar,Maharashtra,19.21667,73.15,516584
1253914,Ujjain,Madhya Pradesh,23.18239,75.77643,515215
1253918,Ujhani,Uttar Pradesh,28.00311,79.00821,56309
1253944,Udumalaippettai,Tamil Nadu,10.58806,77.24779,61133
1253952,Udupi,Karnataka,13.33467,74.74617,165000
1253956,Udhampur,Jammu and Kashmir,32.92431,75.13573,84015
1253958,Udgir,Maharashtra,18.39258,77.11756,103550
1253986,Udaipur,Rajasthan,24.58584,73.71346,451100
1253993,Ooty,Tamil Nadu,11.4134,76.69521,233426
1254046,Tura,Meghalaya,25.51421,90.20239,74858
1254054,Tuni,Andhra Pradesh,17.35905,82.54607,53425
1254069,Tundla,Uttar Pradesh,27.2146,78.23683,50939
1254089,Tumkur,Karnataka,13.34136,77.1022,307359
1254163,Thiruvananthapuram,Kerala,8.4855,76.94924,788271
1254170,Tripunittura,Kerala,9.94283,76.33331,69390
1254187,Thrissur,Kerala,10.51667,76.21667,315957
1254241,Tonk,Rajasthan,26.16638,75.78824,165294
1254274,Tohana,Haryana,29.71332,75.90441,63871
1254309,Titagarh,West Bengal,22.74252,88.37326,127751
1254320,Tiruvottiyur,Tamil Nadu,13.15823,80.30181,249446
1254327,Tiruvannamalai,Tamil Nadu,12.22662,79.07461,145278
1254331,Tiruvallur,Tamil Nadu,13.14376,79.90889,56074
1254335,Tiruvalla,Kerala,9.3816,76.57489,57223
1254343,Tiruttangal,Tamil Nadu,9.48333,77.83333,55362
1254345,Tirurangadi,Kerala,11.04316,75.92337,56632
1254346,Tirur,Kerala,10.91368,75.92118,56058
1254348,Tiruppur,Tamil Nadu,11.11541,77.35456,963173
1254354,Tirupattur,Tamil Nadu,12.49239,78.56804,64125
1254356,Tirupparangunram,Tamil Nadu,9.88151,78.07306,50004
1254360,Tirupati,Andhra Pradesh,13.63551,79.41989,295323
1254361,Tirunelveli,Tamil Nadu,8.72742,77.6838,1435844
1254372,Tirumangalam,Tamil Nadu,9.82307,77.98381,51194
1254385,Tiruchengode,Tamil Nadu,11.38016,77.89444,95335
1254388,Tiruchirappalli,Tamil Nadu,10.8155,78.69651,1022518
1254420,Tiptur,Karnataka,13.2563,76.47768,60957
1254432,Tinsukia,Assam,27.48905,95.35992,116322
1254444,Tindivanam,Tamil Nadu,12.234,79.65551,72796
1254481,Tilhar,Uttar Pradesh,27.96282,79.73827,57043
1254534,Tikamgarh,Madhya Pradesh,24.74327,78.83061,79106
1254589,Thiruvarur,Tamil Nadu,10.77269,79.6368,58777
1254649,Thanjavur,Tamil Nadu,10.78523,79.13909,291067
1254657,Thanesar,Haryana,29.97323,76.83214,155152
1254661,Thane,Maharashtra,19.19704,72.96355,1841488
1254710,Tezpur,Assam,26.63333,92.8,75540
1254744,Thenkasi,Tamil Nadu,8.96003,77.31525,70545
1254757,Thenali,Andhra Pradesh,16.24253,80.63982,164937
1254780,Tellicherry,Kerala,11.74811,75.4929,97201
1254813,Teghra,Bihar,25.49043,85.94001,56234
1254868,Tarn Taran,Punjab,31.45191,74.92777,66847
1254953,Tanuku,Andhra Pradesh,16.75438,81.68143,77962
1255004,Tandur,Telangana,17.24849,77.57698,65115
1255024,Tanda,Uttar Pradesh,26.54953,82.65841,88073
1255062,Tambaram,Tamil Nadu,12.9246,80.12707,174787
1255121,Taliparamba,Kerala,12.04161,75.35927,72465
1255134,Talegaon Dabhade,Maharashtra,18.73502,73.67561,56435
1255254,Tadpatri,Andhra Pradesh,14.90832,78.01031,108171
1255264,Tadepalligudem,Andhra Pradesh,16.81467,81.52717,112655
1255265,Tadepalle,Andhra Pradesh,16.48333,80.6,64149
1255344,Suriapet,Telangana,17.14054,79.62045,111729
1255349,Surendranagar,Gujarat,22.72706,71.64856,179628
1255361,Suratgarh,Rajasthan,29.3215,73.89979,70536
1255364,Surat,Gujarat,21.19594,72.83023,4591246
1255396,Supaul,Bihar,26.11527,86.59509,65437
1255449,Sunam,Punjab,30.12883,75.79943,69069
1255491,Sultanpur,Uttar Pradesh,26.25788,82.07269,110368
1255560,Sujangarh,Rajasthan,27.7,74.46667,183808
1255616,Srivilliputhur,Tamil Nadu,9.51272,77.63369,75396
1255634,Srinagar,Jammu and Kashmir,34.08565,74.80555,1206419
1255647,Srikakulam,Andhra Pradesh,18.2989,83.89751,137944
1255654,Sri Dungargarh,Rajasthan,28.09617,74.00868,53294
1255714,Sopur,Jammu and Kashmir,34.28671,74.47228,71292
1255744,Sonipat,Haryana,28.99478,77.01937,289333
1255783,Rajpur Sonarpur,West Bengal,22.4382,88.43205,424368
1255927,Siwan,Bihar,26.22096,84.35609,135066
1255947,Sivakasi,Tamil Nadu,9.44999,77.79797,234704
1255955,Siuri,West Bengal,23.90806,87.52773,64659
1255969,Sitapur,Uttar Pradesh,27.56192,80.68265,164435
1255983,Sitamarhi,Bihar,26.59357,85.4906,67818
1256029,Siruguppa,Karnataka,15.63,76.89217,52492
1256039,Sirsilla,Telangana,18.38865,78.81048,83186
1256047,Sirsi,Karnataka,14.62072,74.83554,62882
1256052,Sirsa,Haryana,29.53489,75.02898,182534
1256064,Sironj,Madhya Pradesh,24.10313,77.69055,52460
1256087,Sirhind,Punjab,30.64321,76.38421,60847
1256104,Sira,Karnataka,13.74155,76.9043,57928
1256119,Sinnar,Maharashtra,19.84505,73.99866,65299
1256207,Sindhnur,Karnataka,15.76983,76.75581,75837
1256237,Shimla,Himachal Pradesh,31.10442,77.16662,173503
1256259,Silvassa,Dadra and Nagar Haveli and Daman and Diu,20.27386,72.99673,98265
1256269,Sillod,Maharashtra,20.30303,75.65284,58230
1256287,Silchar,Assam,24.82733,92.79787,178865
1256320,Sikar,Rajasthan,27.61206,75.13996,244497
1256329,Sikandarabad,Uttar Pradesh,28.45226,77.70004,73379
1256343,Sihor,Gujarat,21.71134,71.96179,54547
1256363,Sidlaghatta,Karnataka,13.38896,77.86444,51159
1256369,Sidhi,Madhya Pradesh,24.4038,81.87954,54331
1256377,Siddipet,Telangana,18.10483,78.84858,66737
1256382,Siddhapur,Gujarat,23.91783,72.37212,61867
1256388,Sibsagar,Assam,26.98427,94.63784,62104
1256409,Shyamnagar,West Bengal,22.83333,88.36667,441956
1256418,Shujalpur,Madhya Pradesh,23.40673,76.7098,51225
1256422,Shrirampur,West Bengal,22.75278,88.34222,226317
1256431,Shorapur,Karnataka,16.521,76.75738,51398
1256436,Sholapur,Maharashtra,17.67152,75.91044,997281
1256451,Shivpuri,Madhya Pradesh,25.42378,77.66223,179977
1256475,Shirpur,Maharashtra,21.34821,74.88035,76905
1256515,Shivamogga,Karnataka,13.93157,75.56791,322650
1256523,Shillong,Meghalaya,25.56892,91.88313,143229
1256525,Siliguri,West Bengal,26.71004,88.42851,515574
1256529,Shikohabad,Uttar Pradesh,27.108,78.58661,99678
1256569,Sherkot,Uttar Pradesh,29.32704,78.57429,57361
1256593,Sheopur,Madhya Pradesh,25.66472,76.69616,71951
1256620,Shegaon,Maharashtra,20.7932,76.69921,59672
1256639,Shantipur,West Bengal,23.24723,88.43302,149983
1256671,Shamli,Uttar Pradesh,29.4497,77.30959,97966
1256693,Shajapur,Madhya Pradesh,23.42637,76.27775,69263
1256698,Sheikhpura,Bihar,25.13994,85.84096,62927
1256722,Shahpur,Karnataka,16.69605,76.8422,53366
1256728,Shahjanpur,Uttar Pradesh,27.88165,79.90918,320434
1256739,Shahdol,Madhya Pradesh,23.29356,81.3619,89289
1256750,Shahada,Maharashtra,21.54538,74.47106,61376
1256755,Shahabad,Uttar Pradesh,27.6431,79.9402,73606
1256759,Shahabad,Karnataka,17.1307,76.94361,52952
1256826,Seoni,Madhya Pradesh,22.08503,79.55037,102343
1256854,Sendhwa,Madhya Pradesh,21.68562,75.09622,56485
1256913,Sehore,Madhya Pradesh,23.2,77.08333,109118
1256922,Secunderabad,Telangana,17.50427,78.54263,204182
1256949,Sawai Madhopur,Rajasthan,26.02301,76.34408,121106
1257001,Sattenapalle,Andhra Pradesh,16.39381,80.15221,56721
1257022,Satna,Madhya Pradesh,24.57726,80.82719,282977
1257055,Satara,Maharashtra,17.68589,73.99333,120195
1257086,Sasaram,Bihar,24.94942,84.01645,147408
1257198,Sardarshahr,Rajasthan,28.44062,74.491,95911
1257379,Sankarankovil,Tamil Nadu,9.17048,77.54107,57277
1257402,Sangrur,Punjab,30.24506,75.84488,88615
1257416,Sangli,Maharashtra,16.85438,74.56417,601214
1257431,Sangareddi,Telangana,17.62477,78.08669,72344
1257436,Sangamner,Maharashtra,19.56784,74.21154,67309
1257459,Sandila,Uttar Pradesh,27.06989,80.51497,53182
1257486,Sanand,Gujarat,22.99227,72.38177,95890
1257540,Sambhal,Uttar Pradesh,28.58498,78.56959,196109
1257542,Sambalpur,Odisha,21.46527,83.97573,189366
1257551,Samastipur,Bihar,25.86222,85.77953,67925
1257559,Samana,Punjab,30.15395,76.19851,54072
1257565,Samalkot,Andhra Pradesh,17.05675,82.17639,56864
1257587,Salur,Andhra Pradesh,18.51716,83.20548,50206
1257629,Salem,Tamil Nadu,11.65376,78.15538,917414
1257794,Sahibganj,Jharkhand,25.24425,87.63481,95890
1257800,Sahaswan,Uttar Pradesh,28.07227,78.75082,60953
1257804,Saharsa,Bihar,25.87498,86.59611,156540
1257806,Saharanpur,Uttar Pradesh,29.9679,77.54522,484873
1257845,Saugor,Madhya Pradesh,23.83877,78.73874,274556
1257851,Sagar,Karnataka,14.16498,75.02901,54550
1257951,Ropar,Punjab,30.96896,76.52695,56038
1258044,Roorkee,Uttarakhand,29.86632,77.89118,103894
1258076,Rohtak,Haryana,28.89447,76.58917,374292
1258099,Roha,Maharashtra,18.43687,73.11964,90000
1258109,Robertsonpet,Karnataka,12.95629,78.27539,162230
1258126,Rishra,West Bengal,22.72394,88.34563,117014
1258128,Rishikesh,Uttarakhand,30.10778,78.29255,66390
1258178,Rewari,Haryana,28.199,76.6183,143021
1258182,Rewa,Madhya Pradesh,24.53256,81.29234,235654
1258201,Repalle,Andhra Pradesh,16.0184,80.82958,50866
1258207,Renukut,Uttar Pradesh,24.21641,83.0358,62413
1258289,Rayagada,Odisha,19.17132,83.41428,71208
1258290,Rayadrug,Andhra Pradesh,14.69971,76.85241,61749
1258291,Rayachoti,Andhra Pradesh,14.05723,78.75056,91234
1258294,Raxaul,Bihar,26.97982,84.85065,55536
1258315,Rourkela,Odisha,22.22496,84.86414,273317
1258338,Ratnagiri,Maharashtra,16.99154,73.31022,76229
1258342,Ratlam,Madhya Pradesh,23.33033,75.04032,264914
1258352,Rath,Uttar Pradesh,25.59474,79.5666,61728
1258366,Ratangarh,Rajasthan,28.08137,74.61854,71124
1258386,Rasipuram,Tamil Nadu,11.46009,78.18635,50244
1258393,Rasapudipalem,Andhra Pradesh,17.73308,83.31622,1728128
1258451,Ranipet,Tamil Nadu,12.92471,79.33331,264330
1258470,Raniganj,West Bengal,23.6164,87.13061,131261
1258474,Ranebennur,Karnataka,14.62239,75.62951,106406
1258526,Ranchi,Jharkhand,23.34316,85.3094,1120374
1258546,Ranaghat,West Bengal,23.17623,88.56667,70984
1258581,Rampur Hat,West Bengal,24.17737,87.78275,53468
1258599,Rampur,Uttar Pradesh,28.81014,79.02699,296418
1258637,Ramnagar,Uttarakhand,29.3925,79.1283,51244
1258662,Ramgundam,Telangana,18.80084,79.45206,452261
1258686,Ramgarh,Jharkhand,23.6303,85.52156,88781
1258740,Ramanathapuram,Tamil Nadu,9.37158,78.83077,65314
1258744,Closepet,Karnataka,12.72181,77.28149,95167
1258797,Rajsamand,Rajasthan,25.07145,73.8798,67798
1258803,Rajpura,Punjab,30.47856,76.59284,92301
1258831,Raj-Nandgaon,Chhattisgarh,21.09687,81.0289,163114
1258847,Rajkot,Gujarat,22.29161,70.79322,1390640
1258868,Rajgarh,Rajasthan,28.64201,75.38612,59193
1258916,Rajapalayam,Tamil Nadu,9.45296,77.55335,130442
1258922,Razampeta,Andhra Pradesh,14.19544,79.15896,54050
1258932,Rajamahendravaram,Andhra Pradesh,17.00517,81.77784,376333
1258980,Raipur,Chhattisgarh,21.23333,81.63333,1027264
1259005,Raigarh,Chhattisgarh,21.89764,83.3966,150019
1259009,Raiganj,West Bengal,25.61281,88.12449,170252
1259012,Raichur,Karnataka,16.20546,77.35567,234073
1259056,Raghogarh,Madhya Pradesh,24.44318,77.19768,63873
1259064,Raebareli,Uttar Pradesh,26.2309,81.23315,186433
1259083,Rabkavi,Karnataka,16.47567,75.1106,73835
1259091,Kollam,Kerala,8.88113,76.58469,367107
1259093,Koyilandy,Kerala,11.4381,75.69306,71873
1259123,Puttur,Andhra Pradesh,13.44189,79.55314,54092
1259124,Puttur,Karnataka,12.75975,75.20169,53331
1259154,Pusad,Maharashtra,19.91274,77.57838,73046
1259163,Puruliya,West Bengal,23.33062,86.36303,122533
1259166,Purnia,Bihar,25.77895,87.47422,282248
1259184,Puri,Odisha,19.79825,85.82494,200564
1259228,Punganuru,Andhra Pradesh,13.36672,78.57186,54746
1259229,Pune,Maharashtra,18.51957,73.85535,3124458
1259239,Punasa,Madhya Pradesh,22.23507,76.39335,350000
1259263,Puliyankudi,Tamil Nadu,9.17489,77.39799,66034
1259264,Pulivendla,Andhra Pradesh,14.42139,78.22502,65706
1259297,Pudukkottai,Tamil Nadu,10.38128,78.82141,117630
1259312,Proddatur,Andhra Pradesh,14.7502,78.54813,177797
1259385,Port Blair,Andaman and Nicobar,11.66613,92.74635,112050
1259395,Porbandar,Gujarat,21.64219,69.60929,152760
1259400,Poonamalle,Tamil Nadu,13.04888,80.11488,60607
1259411,Ponnani,Kerala,10.76695,75.92523,105512
1259425,Puducherry,Puducherry,11.93381,79.82979,657209
1259440,Pollachi,Tamil Nadu,10.65825,77.0085,90180
1259508,Pithapuram,Andhra Pradesh,17.1168,82.25284,54859
1259652,Pimpri,Maharashtra,18.62292,73.80696,1284606
1259680,Pilkhua,Uttar Pradesh,28.71271,77.656,74212
1259686,Pilibhit,Uttar Pradesh,28.63124,79.80436,131008
1259704,Piduguralla,Andhra Pradesh,16.47926,79.88632,63103
1259811,Phaltan,Maharashtra,17.99113,74.43177,53202
1259827,Phagwara,Punjab,31.22452,75.77387,100146
1259841,Petlad,Gujarat,22.47681,72.79995,55330
1259892,Peranampattu,Tamil Nadu,12.9343,78.7189,51271
1259994,Payyanur,Kerala,12.0935,75.20249,72111
1260040,Pattukkottai,Tamil Nadu,10.42358,79.31949,73135
1260086,Patna,Bihar,25.59408,85.13563,1684297
1260107,Patiala,Punjab,30.33625,76.3922,446246
1260137,Pathankot,Punjab,32.27484,75.65287,174306
1260173,Patan,Gujarat,23.8507,72.12963,133737
1260222,Parvatipuram,Andhra Pradesh,18.78392,83.42569,53844
1260290,Parli Vaijnath,Maharashtra,18.85057,76.53163,94863
1260341,Parbhani,Maharashtra,19.26855,76.77081,307170
1260387,Paramagudi,Tamil Nadu,9.54633,78.5907,95579
1260390,Paralakhemundi,Odisha,18.77619,84.09504,87152
1260393,Paradip Garh,Odisha,20.31641,86.6085,85868
1260434,Panvel,Maharashtra,18.98878,73.11013,195373
1260448,Panruti,Tamil Nadu,11.77662,79.55269,60323
1260454,Panna,Madhya Pradesh,24.72094,80.18772,59091
1260476,Panipat,Haryana,29.38747,76.96825,295970
1260482,Panihati,West Bengal,22.69089,88.37404,378705
1260546,Pandharpur,Maharashtra,17.67924,75.33098,98923
1260607,Panjim,Goa,15.49574,73.82624,70991
1260637,Palwal,Haryana,28.14469,77.32546,131926
1260671,Palani,Tamil Nadu,10.45034,77.5209,70467
1260674,Palmaner,Andhra Pradesh,13.2,78.74725,54035
1260692,Pallavaram,Tamil Nadu,12.96796,80.15025,233984
1260707,Palitana,Gujarat,21.52519,71.82309,64497
1260716,Pali,Rajasthan,25.77276,73.32335,230075
1260728,Palakkad,Kerala,10.77319,76.65366,132728
1260730,Palghar,Maharashtra,19.69693,72.76543,72335
1260771,Palasa,Andhra Pradesh,18.77257,84.41012,65833
1260777,Palanpur,Gujarat,24.17128,72.43827,141592
1260792,Palakollu,Andhra Pradesh,16.5167,81.73,81199
1260959,Pachora,Maharashtra,20.66727,75.35305,59609
1261008,Ottapalam,Kerala,10.7735,76.37758,53792
1261012,Dharashiv,Maharashtra,18.18158,76.03889,112085
1261039,Orai,Uttar Pradesh,25.99023,79.45334,158265
1261045,Ongole,Andhra Pradesh,15.50357,80.04454,208344
1261066,Okha,Gujarat,22.46756,69.07002,62052
1261068,Ozar,Maharashtra,20.09473,73.92816,51297
1261086,Obra,Uttar Pradesh,24.41863,82.98797,56110
1261110,Nuzvid,Andhra Pradesh,16.78854,80.84593,58590
1261162,Nowrangapur,Odisha,19.23114,82.54826,1220946
1261163,Nagaon,Assam,26.35,92.66667,121628
1261181,North Lakhimpur,Assam,27.23517,94.10357,59841
1261227,Nokha,Rajasthan,27.56155,73.47141,62699
1261258,Nizamabad,Telangana,18.67154,78.0988,311152
1261288,Nirmal,Telangana,19.09685,78.34407,88433
1261309,Nipani,Maharashtra,16.399,74.38285,62865
1261369,Nimbahera,Rajasthan,24.62166,74.67999,61949
1261470,Neyyattinkara,Kerala,8.39854,77.08586,88104
1261473,Neyveli,Tamil Nadu,11.60877,79.4994,179150
1261481,New Delhi,Delhi,28.62137,77.2148,317797
1261529,Nellore,Andhra Pradesh,14.44992,79.98697,547621
1261553,Nedumangad,Kerala,8.60267,77.00139,60161
1261613,Nawalgarh,Rajasthan,27.85161,75.27384,63948
1261631,Nawada,Bihar,24.8867,85.54364,98029
1261641,Nawabganj,Uttar Pradesh,26.93129,81.19841,79246
1261653,Navsari,Gujarat,20.94237,72.92467,171109
1261669,Navadwip,West Bengal,23.4067,88.36861,111123
1261727,Nasirabad,Rajasthan,26.30473,74.73364,51747
1261731,Nashik,Maharashtra,19.99727,73.79096,1486053
1261739,Narwana,Haryana,29.59903,76.11927,62090
1261754,Narsimhapur,Madhya Pradesh,22.94936,79.18357,59966
1261772,Narnaul,Haryana,28.04444,76.10833,74581
1261809,Narela,Delhi,28.85267,77.09288,800000
1261848,Narasaraopet,Andhra Pradesh,16.23488,80.04927,117489
1261852,Narasapur,Andhra Pradesh,16.43425,81.69845,59306
1261910,Nanjangud,Karnataka,12.11764,76.68397,50598
1261913,Nangloi Jat,Delhi,28.67957,77.06799,205596
1261927,Nandyal,Andhra Pradesh,15.47799,78.4836,211424
1261931,Nandurbar,Maharashtra,21.36671,74.24051,111037
1261977,Nanded,Maharashtra,19.16023,77.31497,550564
1262039,Namakkal,Tamil Nadu,11.22126,78.16524,55997
1262067,Nalgonda,Telangana,17.05439,79.26707,154326
1262092,Naksalbari,West Bengal,26.6827,88.22001,57283
1262109,Najibabad,Uttar Pradesh,29.61194,78.34274,84006
1262111,Najafgarh,Delhi,28.60922,76.97982,1365000
1262131,Naihati,West Bengal,22.89396,88.41521,253221
1262180,Nagpur,Maharashtra,21.14631,79.08491,2405665
1262200,Nagina,Uttar Pradesh,29.44433,78.43646,76593
1262204,Nagercoil,Tamil Nadu,8.17899,77.43227,224849
1262209,Nagda,Madhya Pradesh,23.45834,75.41759,103501
1262216,Nagaur,Rajasthan,27.20201,73.73394,105218
1262240,Nagari,Andhra Pradesh,13.32139,79.58557,62253
1262260,Nagapattinam,Tamil Nadu,10.76377,79.84313,102905
1262292,Nadiad,Gujarat,22.69385,72.86157,225071
1262319,Nabha,Punjab,30.37577,76.15292,67972
1262321,Mysuru,Karnataka,12.29791,76.63925,920550
1262330,Muzaffarpur,Bihar,26.12259,85.39055,354462
1262332,Muzaffarnagar,Uttar Pradesh,29.47091,77.70332,349706
1262395,Murwara,Madhya Pradesh,23.83776,80.39405,221883
1262453,Muradnagar,Uttar Pradesh,28.78069,77.49865,89482
1262463,Munnar,Kerala,10.08818,77.06239,68000
1262482,Munger,Bihar,25.37459,86.47455,213303
1262562,Mulbagal,Karnataka,13.16352,78.39346,57276
1262578,Muktsar,Punjab,30.47426,74.5166,116747
1262634,Pandit Deen Dayal Upadhyaya Nagar,Uttar Pradesh,25.28307,83.11968,109650
1262663,Mudhol,Karnataka,16.33354,75.28305,52199
1262678,Mubarakpur,Uttar Pradesh,26.08866,83.29088,53263
1262710,Mothihari,Bihar,26.64862,84.91656,126158
1262771,Morena,Madhya Pradesh,26.49892,77.99534,200482
1262775,Morvi,Gujarat,22.81731,70.8377,210451
1262801,Moradabad,Uttar Pradesh,28.83893,78.77684,721139
1262852,Mokameh,Bihar,25.39662,85.9219,60678
1262951,Moga,Punjab,30.81383,75.16878,163397
1262958,Modasa,Gujarat,23.46253,73.29857,67648
1262995,Mirzapur,Uttar Pradesh,25.1449,82.56534,220029
1263012,Miryalaguda,Telangana,16.8722,79.56247,104918
1263080,Mhow,Madhya Pradesh,22.5589,75.76543,81702
1263101,Mettur,Tamil Nadu,11.78796,77.8008,56743
1263103,Mettupalayam,Tamil Nadu,11.29971,76.93485,69213
1263214,Meerut,Uttar Pradesh,28.98002,77.70636,1223184
1263220,Medinipur,West Bengal,22.42114,87.32257,153349
1263247,Mayiladuthurai,Tamil Nadu,11.10354,79.655,86660
1263275,Mawana,Uttar Pradesh,29.10288,77.92199,76973
1263311,Mau,Uttar Pradesh,25.94167,83.56111,246050
1263364,Mathura,Uttar Pradesh,27.5035,77.67215,330511
1263427,Masaurhi Buzurg,Bihar,25.35417,85.03195,59803
1263494,Mormugao,Goa,15.38914,73.81491,102345
1263504,Markapur,Andhra Pradesh,15.73534,79.26848,71092
1263622,Mansa,Punjab,29.98844,75.40167,82956
1263659,Mannargudi,Tamil Nadu,10.66626,79.45064,66999
1263661,Mannarakkat,Kerala,10.99223,76.46418,50921
1263664,Manmad,Maharashtra,20.25334,74.43755,80058
1263694,Manjeri,Kerala,11.12018,76.11996,97102
1263752,Mangrol,Gujarat,21.12268,70.11484,69779
1263780,Mangaluru,Karnataka,12.91723,74.85603,499487
1263797,Mangalagiri,Andhra Pradesh,16.43083,80.56815,107197
1263814,Mandya,Karnataka,12.5223,76.89746,137358
1263824,Mandvi,Gujarat,22.83282,69.35237,51376
1263834,Mandsaur,Madhya Pradesh,24.07184,75.06986,141667
1263852,Mandla,Madhya Pradesh,22.59879,80.37115,55133
1263859,Mandi Dabwali,Haryana,29.96633,74.70025,52873
1263898,Mandapeta,Andhra Pradesh,16.86254,81.92921,56063
1263936,Mancherial,Telangana,18.87074,79.42863,89935
1264071,Malkapur,Maharashtra,20.88555,76.19932,67740
1264111,Maler Kotla,Punjab,30.5309,75.87949,135424
1264115,Malegaon,Maharashtra,20.54966,74.53462,481228
1264138,Malout,Punjab,30.21121,74.4818,81406
1264154,Malappuram,Kerala,11.04199,76.08154,101386
1264206,Makrana,Rajasthan,27.04361,74.72445,94487
1264292,Mainpuri,Uttar Pradesh,27.22857,79.02882,94619
1264326,Mahuva,Gujarat,21.09007,71.76904,98519
1264359,Mahoba,Uttar Pradesh,25.2905,79.87533,89170
1264389,Mahesana,Gujarat,23.59864,72.38472,190753
1264407,Mahbubnagar,Telangana,16.74385,77.98597,190400
1264414,Mahasamund,Chhattisgarh,21.10743,82.0948,54413
1264521,Madurai,Tamil Nadu,9.919,78.11953,1465625
1264527,Chennai,Tamil Nadu,13.08784,80.27847,4681087
1264543,Madhyamgram,West Bengal,22.68944,88.44594,161126
1264551,Madhupur,Jharkhand,24.27419,86.63929,55238
1264555,Madhubani,Bihar,26.35367,86.07169,75736
1264570,Madhepura,Bihar,25.92127,86.79271,54472
1264588,Madgaon,Goa,15.27501,73.95786,87650
1264621,Madanapalle,Andhra Pradesh,13.5503,78.50288,180180
1264637,Machilipatnam,Andhra Pradesh,16.18747,81.13888,192827
1264647,Macherla,Andhra Pradesh,16.47635,79.43533,57290
1264688,Lunglei,Mizoram,22.89247,92.74218,57011
1264728,Ludhiana,Punjab,30.91204,75.85379,1618879
1264733,Lucknow,Uttar Pradesh,26.83928,80.92313,2472011
1264735,Luckeesarai,Bihar,25.1765,86.0947,99979
1264773,Loni,Uttar Pradesh,28.75143,77.29023,516082
1264793,Lonavla,Maharashtra,18.75275,73.40575,58562
1264839,Lohardaga,Jharkhand,23.43305,84.67992,57411
1265014,Latur,Maharashtra,18.39721,76.56784,382940
1265157,Lalitpur,Uttar Pradesh,24.69007,78.41915,126475
1265242,Lakhimpur,Uttar Pradesh,27.94822,80.77935,140223
1265310,Laharpur,Uttar Pradesh,27.70827,80.90256,55911
1265331,Ladnun,Rajasthan,27.65312,74.39993,65575
1265354,Laxmangarh,Rajasthan,27.82294,75.02754,53392
1265491,Kurnool,Andhra Pradesh,15.82887,78.03602,460184
1265579,Kunnamkulam,Kerala,10.64667,76.06695,63903
1265605,Kundla,Gujarat,21.34222,71.30633,76809
1265683,Kumbakonam,Tamil Nadu,10.96209,79.39124,167155
1265711,Kulti,West Bengal,23.73166,86.84372,305405
1265767,Kukatpally,Telangana,17.48486,78.41376,341709
1265828,Kuchaman,Rajasthan,27.14745,74.85655,61969
1265859,Krishnanagar,West Bengal,23.40576,88.49073,145926
1265863,Krishnagiri,Tamil Nadu,12.51921,78.21382,71323
1265873,Kozhikode,Kerala,11.24802,75.7804,550440
1265891,Kovilpatti,Tamil Nadu,9.17167,77.86989,95057
1265911,Kottayam,Kerala,9.58692,76.52132,55374
1265938,Kottagudem,Telangana,17.55106,80.61779,79819
1265973,Kot Kapura,Punjab,30.58061,74.82609,91979
1265989,Kotharia,Gujarat,22.23436,70.81903,53794
1266049,Kota,Rajasthan,25.18254,75.83907,1001694
1266073,Kosi,Uttar Pradesh,27.79449,77.4368,52492
1266122,Korba,Chhattisgarh,22.3458,82.69633,419146
1266124,Koratla,Telangana,18.82154,78.71186,66504
1266154,Koppal,Karnataka,15.34522,76.15478,70698
1266162,Kopargaon,Maharashtra,19.88239,74.47605,65273
1266179,Konnagar,West Bengal,22.70508,88.34446,76082
1266217,Konch,Uttar Pradesh,25.99451,79.15127,52773
1266267,Kollegal,Karnataka,12.15449,77.11051,57149
1266285,Kolhapur,Maharashtra,16.69563,74.23167,549236
1266305,Kolar,Karnataka,13.13768,78.12999,138462
1266366,Kohima,Nagaland,25.67467,94.11099,99039
1266385,Kodungallur,Kerala,10.23263,76.19513,60190
1266416,Kodar,Telangana,16.9985,79.9656,64234
1266436,Koch Bihar,West Bengal,26.32539,89.44508,78737
1266486,Kishangarh,Rajasthan,26.59006,74.85397,154886
1266489,Kishanganj,Bihar,26.10224,87.95534,105782
1266509,Kiratpur,Uttar Pradesh,29.50671,78.20613,60223
1266607,Khurja,Uttar Pradesh,28.25382,77.85535,105909
1266620,Khurai,Madhya Pradesh,24.04372,78.33014,51108
1266666,Khopoli,Maharashtra,18.78562,73.34589,71141
1266849,Khatauli,Uttar Pradesh,29.27844,77.73302,64731
1266928,Khargone,Madhya Pradesh,21.82292,75.61394,116150
1266945,Khardah,West Bengal,22.71861,88.37806,128346
1266960,Kharar,Punjab,30.74632,76.64689,74460
1266966,Kharakvasla,Maharashtra,18.43997,73.77545,78684
1266976,Kharagpur,West Bengal,22.33971,87.32501,219665
1267016,Khanna,Punjab,30.70547,76.22196,128137
1267031,Khandwa,Madhya Pradesh,21.82427,76.35086,200738
1267076,Khammam,Telangana,17.24767,80.14368,196283
1267084,Khamgaon,Maharashtra,20.70738,76.56827,94604
1267090,Khambhat,Gujarat,22.31744,72.61916,99164
1267187,Khagaul,Bihar,25.57898,85.04564,51577
1267195,Khadki,Maharashtra,18.5635,73.85205,75654
1267227,Keshod,Gujarat,21.30328,70.24861,76193
1267267,Keonjhargarh,Odisha,21.6318,85.59686,60590
1267360,Kayamkulam,Kerala,9.18173,76.50093,68634
1267394,Kavali,Andhra Pradesh,14.9163,79.99449,90099
1267439,Katras,Jharkhand,23.79752,86.29834,57349
1267457,Katoya,West Bengal,23.64558,88.13258,78408
1267480,Katihar,Bihar,25.53852,87.57044,240838
1267486,Kathua,Jammu and Kashmir,32.36941,75.52539,59866
1267573,Kasibugga,Andhra Pradesh,18.75927,84.41613,57507
1267579,Kashipur,Uttarakhand,29.21399,78.95693,103138
1267588,Kasganj,Uttar Pradesh,27.80882,78.64579,99462
1267616,Kasaragod,Kerala,12.49838,74.98959,54172
1267635,Karwar,Karnataka,14.81361,74.12972,77139
1267648,Karur,Tamil Nadu,10.95771,78.08095,234191
1267708,Karnal,Haryana,29.69197,76.98448,302140
1267755,Karimnagar,Telangana,18.43915,79.12856,289821
1267758,Karimganj,Assam,24.86919,92.35543,56854
1267819,Karauli,Rajasthan,26.49831,77.02755,82960
1267853,Karanja,Maharashtra,20.48273,77.48857,67907
1267885,Karaikkudi,Tamil Nadu,10.06615,78.76784,181851
1267887,Karaikal,Puducherry,10.91667,79.83333,86838
1267904,Karad,Maharashtra,17.28937,74.18183,55663
1267911,Kapurthala Town,Punjab,31.38011,75.38105,98916
1267995,Kanpur,Uttar Pradesh,26.46523,80.34975,2823249
1268011,Kannauj,Uttar Pradesh,27.05524,79.9188,76714
1268015,Kanhangad,Kerala,12.30814,75.10632,125564
1268111,Kandukur,Andhra Pradesh,15.21542,79.9039,57246
1268135,Kandi,West Bengal,23.95946,88.04018,54848
1268159,Kanchipuram,Tamil Nadu,12.83515,79.70006,221715
1268189,Kanakapura,Karnataka,12.54654,77.42005,54014
1268205,Kamthi,Maharashtra,21.21615,79.1973,86793
1268246,Cumbum,Tamil Nadu,9.73647,77.2847,68090
1268257,Kamarhati,West Bengal,22.67111,88.37472,332965
1268259,Kamareddi,Telangana,18.32001,78.34177,80315
1268293,Kalyani,West Bengal,22.9757,88.4337,93184
1268295,Kalyan,Maharashtra,19.2437,73.13554,1262255
1268338,Kalol,Gujarat,23.24656,72.49508,134426
1268341,Kalna,West Bengal,23.21944,88.36295,53964
1268383,Kaliyaganj,West Bengal,25.63442,88.32665,51748
1268561,Kakinada,Andhra Pradesh,16.96036,82.23809,384182
1268593,Kaithal,Haryana,29.80153,76.39959,144915
1268601,Kairana,Uttar Pradesh,29.39541,77.2054,80432
1268673,Kadiri,Andhra Pradesh,14.11168,78.15982,89429
1268680,Kadi,Gujarat,23.29908,72.33362,81404
1268707,Kadayanallur,Tamil Nadu,9.07277,77.34152,90364
1268715,Kanchrapara,West Bengal,22.95998,88.42849,136954
1268773,Junagadh,Gujarat,21.51966,70.45981,319462
1268775,Jhumri Telaiya,Jharkhand,24.4349,85.52951,87867
1268782,Jalandhar,Punjab,31.32556,75.57917,868929
1268820,Jorhat,Assam,26.75751,94.20306,126736
1268865,Jodhpur,Rajasthan,26.26841,73.00594,1056191
1268907,Jind,Haryana,29.31577,76.31502,167592
1268936,Jhunjhunun,Rajasthan,28.12559,75.39797,118473
1268977,Jharsuguda,Odisha,21.85531,84.00698,97730
1268988,Jharia,Jharkhand,23.74079,86.41456,86938
1268990,Jhargram,West Bengal,22.45384,86.99497,57796
1269006,Jhansi,Uttar Pradesh,25.45887,78.57994,412927
1269027,Jhalawar,Rajasthan,24.59633,76.16499,66919
1269065,Jetpur,Gujarat,21.75482,70.62347,118302
1269092,Jeypore,Odisha,18.8563,82.5716,84830
1269135,Jaunpur,Uttar Pradesh,25.75356,82.68689,169572
1269154,Jatani,Odisha,20.15975,85.70742,63697
1269217,Jaora,Madhya Pradesh,23.63783,75.12711,74907
1269247,Jangipur,West Bengal,24.47001,88.07659,82548
1269256,Jangaon,Telangana,17.72602,79.15236,52394
1269280,Jamuria,West Bengal,23.70468,87.07872,160242
1269291,Jamui,Bihar,24.92606,86.22531,87357
1269300,Jamshedpur,Jharkhand,22.80278,86.18545,1339438
1269317,Jamnagar,Gujarat,22.47292,70.06673,600943
1269321,Jammu,Jammu and Kashmir,32.73528,74.86167,576198
1269328,Jamkhandi,Karnataka,16.50461,75.29146,68938
1269374,Jamalpur,Bihar,25.31258,86.48888,105434
1269388,Jalpaiguri,West Bengal,26.51667,88.73333,107832
1269392,Jalor,Rajasthan,25.34558,72.61559,54081
1269395,Jalna,Maharashtra,19.84102,75.88636,285577
1269407,Jalgaon,Maharashtra,21.00292,75.56602,460228
1269422,Jalaun,Uttar Pradesh,26.1451,79.3366,55299
1269507,Jaisalmer,Rajasthan,26.91763,70.90387,67604
1269515,Jaipur,Rajasthan,26.91962,75.78781,3046163
1269551,Jahangirabad,Uttar Pradesh,28.40549,78.10588,57363
1269557,Jahanabad,Bihar,25.21368,84.9871,103202
1269562,Jagtial,Telangana,18.79473,78.91661,103930
1269564,Jagraon,Punjab,30.78783,75.47391,65305
1269578,Jagdalpur,Chhattisgarh,19.08136,82.02131,125463
1269605,Jagadhri,Haryana,30.16719,77.30367,124894
1269633,Jabalpur,Madhya Pradesh,23.16697,79.95006,1081677
1269653,Itarsi,Madhya Pradesh,22.61477,77.76222,100574
1269655,Itanagar,Arunachal Pradesh,27.08694,93.60987,59490
1269665,Islampur,West Bengal,26.26541,88.18982,55691
1269723,Malda,West Bengal,25.00447,88.14573,170039
1269743,Indore,Madhya Pradesh,22.71792,75.8333,1994397
1269771,Imphal,Manipur,24.80805,93.9442,277196
1269784,Ilkal,Karnataka,15.95923,76.11351,60242
1269819,Idappadi,Tamil Nadu,11.58624,77.83891,54823
1269834,Ichalkaranji,Maharashtra,16.69117,74.46054,287353
1269843,Hyderabad,Telangana,17.38405,78.45636,6993262
1269873,Hunsur,Karnataka,12.30359,76.29275,50865
1269910,Hugli,West Bengal,22.90877,88.39674,177005
1269920,Hubballi,Karnataka,15.34776,75.13378,943788
1269934,Hosur,Tamil Nadu,12.73647,77.83264,229528
1269935,Hosapete,Karnataka,15.26954,76.3871,206167
1269936,Hoskote,Karnataka,13.0707,77.79814,56980
1269937,Hoshiarpur,Punjab,31.53723,75.91269,168653
1269939,Narmadapuram,Madhya Pradesh,22.74747,77.72736,117988
1270000,Hodal,Haryana,27.89196,77.36744,50143
1270022,Hisar,Haryana,29.15394,75.72294,307024
1270032,Hiriyur,Karnataka,13.94455,76.61723,56416
1270072,Hingoli,Maharashtra,19.71464,77.14238,85103
1270077,Hinganghat,Maharashtra,20.54875,78.83978,101805
1270079,Hindupur,Andhra Pradesh,13.82807,77.49143,151677
1270090,Hindaun,Rajasthan,26.73411,77.03519,105452
1270099,Himatnagar,Gujarat,23.59893,72.96602,81137
1270102,Hilsa,Bihar,25.31642,85.28234,51052
1270164,Hazaribagh,Jharkhand,23.99241,85.36162,153595
1270171,Haveri,Karnataka,14.79354,75.40448,67102
1270216,Hathras,Uttar Pradesh,27.59551,78.05201,126882
1270239,Hassan,Karnataka,13.00715,76.0962,155006
1270251,Hasanpur,Uttar Pradesh,28.72249,78.28436,57481
1270349,Harihar,Karnataka,14.51288,75.80716,83219
1270351,Haridwar,Uttarakhand,29.94791,78.16025,186079
1270370,Hardoi,Uttar Pradesh,27.39491,80.13165,122635
1270375,Harda,Madhya Pradesh,22.34414,77.09536,74268
1270393,Hapur,Uttar Pradesh,28.72985,77.78068,242920
1270396,Howrah,West Bengal,22.57688,88.31857,1027672
1270407,Hanumangarh,Rajasthan,29.58182,74.32938,155687
1270417,Hansi,Haryana,29.10239,75.96253,86770
1270474,Halol,Gujarat,22.50321,73.47242,64265
1270484,Halisahar,West Bengal,22.93218,88.41859,128172
1270498,Haldwani,Uttarakhand,29.22254,79.5286,139497
1270525,Hajipur,Bihar,25.68544,85.20981,147688
1270568,Habra,West Bengal,22.84202,88.65606,139297
1270576,Gyanpur,Uttar Pradesh,25.33268,82.46637,200000
1270583,Gwalior,Madhya Pradesh,26.22983,78.17337,1054420
1270642,Gurugram,Haryana,28.4601,77.02635,886519
1270647,Gurdaspur,Punjab,32.03933,75.40318,77928
1270668,Guntur,Andhra Pradesh,16.29974,80.45729,670073
1270670,Guntakal,Andhra Pradesh,15.17112,77.36244,126270
1270711,Guna,Madhya Pradesh,24.64691,77.3113,180935
1270722,Gumla,Jharkhand,23.04268,84.54429,51264
1270752,Kalaburagi,Karnataka,17.33583,76.83757,543147
1270791,Gudur,Andhra Pradesh,14.15093,79.8521,74851
1270800,Gudiyatham,Tamil Nadu,12.94601,78.87377,93973
1270801,Gudivada,Andhra Pradesh,16.43547,80.99555,118167
1270845,Goyerkata,West Bengal,26.69984,89.02565,66358
1270927,Gorakhpur,Uttar Pradesh,26.76628,83.36889,674246
1270947,Gobichettipalayam,Tamil Nadu,11.45496,77.4422,59523
1270965,Gopalganj,Bihar,26.46734,84.44041,67339
1270990,Gondia,Maharashtra,21.46026,80.19205,132813
1270994,Gondal,Gujarat,21.96074,70.80255,112197
1270996,Gonda City,Uttar Pradesh,27.13181,81.95332,133583
1271049,Gola Gokarannath,Uttar Pradesh,28.07837,80.47054,58986
1271067,Gokak,Karnataka,16.16901,74.82393,79121
1271079,Gohana,Haryana,29.13777,76.70247,65708
1271083,Gohad,Madhya Pradesh,26.43278,78.44205,58939
1271107,Godhra,Gujarat,22.77547,73.61488,143644
1271151,Goalpara,Assam,26.17668,90.62634,53430
1271175,Giridih,Jharkhand,24.18622,86.30875,114533
1271306,Ghazipur,Uttar Pradesh,25.58333,83.58526,103095
1271308,Ghaziabad,Uttar Pradesh,28.66535,77.43915,1199191
1271346,Ghatal,West Bengal,22.66244,87.73399,54658
1271439,Gaya,Bihar,24.79686,85.00385,474093
1271458,Gauriganj,Uttar Pradesh,26.20809,81.69294,390395
1271476,Guwahati,Assam,26.1844,91.7458,962334
1271558,Garhchiroli,Maharashtra,20.18061,80.00522,54152
1271631,Gangtok,Sikkim,27.32574,88.61216,100286
1271644,Gangoh,Uttar Pradesh,29.78004,77.26346,59519
1271662,Gangavati,Karnataka,15.4313,76.52933,114642
1271670,Gangarampur,West Bengal,25.40138,88.52978,65316
1271675,Gangapur,Rajasthan,26.47249,76.71744,120115
1271685,Sri Ganganagar,Rajasthan,29.92009,73.87496,237780
1271715,Gandhinagar,Gujarat,23.21667,72.68333,292797
1271717,Gandhidham,Gujarat,23.08333,70.13333,247992
1271780,Gajraula,Uttar Pradesh,28.8457,78.2396,50380
1271819,Gadwal,Telangana,16.23504,77.79556,63177
1271850,Gadag,Karnataka,15.42977,75.62971,172612
1271874,Forbesganj,Bihar,26.30253,87.26556,50475
1271883,Firozpur,Punjab,30.92574,74.61311,110313
1271885,Firozabad,Uttar Pradesh,27.15092,78.39781,306409
1271891,Fazilka,Punjab,30.40207,74.02836,76492
1271892,Fatwa,Bihar,25.50958,85.30504,50961
1271910,Fatehpur,Rajasthan,27.99486,74.95628,92595
1271912,Fatehpur,Uttar Pradesh,25.92774,80.81266,166480
1271934,Fatehabad,Haryana,29.51525,75.45554,70777
1271942,Farrukhabad,Uttar Pradesh,27.39134,79.5793,241152
1271947,Faridpur,Uttar Pradesh,28.20997,79.54149,71783
1271949,Faridkot,Punjab,30.67399,74.75579,87695
1271951,Faridabad,Haryana,28.41124,77.31316,1414050
1271976,Fyzabad,Uttar Pradesh,26.77549,82.15018,153047
1271987,Etawah,Uttar Pradesh,26.77615,79.02133,257448
1271992,Etah,Uttar Pradesh,27.55879,78.65692,131023
1272013,Erode,Tamil Nadu,11.3428,77.72741,521891
1272045,Emmiganur,Andhra Pradesh,15.77203,77.48345,95149
1272051,Eluru,Andhra Pradesh,16.71311,81.10437,218020
1272175,Durgapur,West Bengal,23.51583,87.30801,518872
1272181,Durg,Chhattisgarh,21.19147,81.27619,268806
1272225,Dumraon,Bihar,25.55265,84.15149,53618
1272243,Dam Dam,West Bengal,22.63341,88.42286,122719
1272423,Dombivali,Maharashtra,19.21667,73.08333,1247327
1272473,Doddaballapura,Karnataka,13.29452,77.53777,93105
1272513,Deesa,Gujarat,24.25612,72.17928,111160
1272525,Diphu,Assam,25.84341,93.43116,61797
1272543,Dindigul,Tamil Nadu,10.36896,77.98036,292512
1272552,Dimapur,Nagaland,25.91174,93.7217,135860
1272606,Deglur,Maharashtra,18.54829,77.57695,54493
1272640,Didwana,Rajasthan,27.40096,74.57537,53749
1272648,Dibrugarh,Assam,27.47989,94.90837,145488
1272670,Dhuri,Punjab,30.36846,75.86791,55225
1272689,Dhulian,West Bengal,24.68127,87.9535,77070
1272691,Dhule,Maharashtra,20.9013,74.77737,375559
1272694,Dhubri,Assam,26.01856,89.98564,63388
1272701,Dhrangadhra,Gujarat,22.99167,71.46793,75578
1272720,Dhoraji,Gujarat,21.73359,70.45004,84545
1272722,Dhone,Andhra Pradesh,15.3952,77.8715,59272
1272733,Dholka,Gujarat,22.72732,72.44128,80945
1272780,Dhenkanal,Odisha,20.65744,85.59693,67414
1272805,Dhaulpur,Rajasthan,26.69286,77.87968,133075
1272842,Dharmavaram,Andhra Pradesh,14.41435,77.72035,121874
1272847,Dharmapuri,Tamil Nadu,12.1277,78.15794,68619
1272873,Dharapuram,Tamil Nadu,10.73828,77.53223,72291
1272892,Dhar,Madhya Pradesh,22.59373,75.29774,93917
1272979,Dhanbad,Jharkhand,23.79759,86.42992,1196214
1272997,Dhamtari,Chhattisgarh,20.70718,81.54874,101677
1273066,Dewas,Madhya Pradesh,22.96585,76.05526,289550
1273128,Devakottai,Tamil Nadu,9.94704,78.8233,51865
1273193,Deoria,Uttar Pradesh,26.50167,83.77936,129570
1273232,Deolali,Maharashtra,19.94404,73.83441,54027
1273241,Deoghar,Jharkhand,24.48983,86.69902,203123
1273265,Deoband,Uttar Pradesh,29.69505,77.67964,88171
1273292,Delhi Cantonment,Delhi,28.6,77.13333,110351
1273294,Delhi,Delhi,28.65195,77.23149,11034555
1273313,Dehradun,Uttarakhand,30.32443,78.03392,522081
1273368,Davangere,Karnataka,14.46693,75.92694,435128
1273369,Dausa,Rajasthan,26.89,76.33584,85960
1273390,Daudnagar,Bihar,25.03473,84.40095,52364
1273403,Datia,Madhya Pradesh,25.67312,78.45908,100284
1273467,Darjiling,West Bengal,27.03333,88.26667,123797
1273491,Darbhanga,Bihar,26.15216,85.89707,296039
1273574,Dandeli,Karnataka,15.26667,74.61667,52295
1273581,Dinapore,Bihar,25.63705,85.04794,152940
1273587,Damoh,Madhya Pradesh,23.83312,79.4419,139561
1273626,Medininagar,Jharkhand,24.03971,84.0658,78396
1273687,Dohad,Gujarat,22.83283,74.25986,118846
1273708,Dahanu,Maharashtra,19.96778,72.71263,50287
1273724,Dadri,Uttar Pradesh,28.55257,77.55403,70609
1273745,Dabwali,Haryana,29.94906,74.73832,62113
1273751,Dabra,Madhya Pradesh,25.88572,78.33221,61277
1273766,Dabhoi,Gujarat,22.18333,73.43333,56253
1273770,Dabhel,Dadra and Nagar Haveli and Daman and Diu,20.40953,72.88339,52578
1273780,Cuttack,Odisha,20.46497,85.87927,610189
1273800,Kadapa,Andhra Pradesh,14.47995,78.82346,344893
1273802,Cuddalore,Tamil Nadu,11.75617,79.76693,173636
1273865,Coimbatore,Tamil Nadu,11.00555,76.96612,2136916
1273874,Kochi,Kerala,9.93988,76.26022,633553
1273892,Churu,Rajasthan,28.30415,74.96718,120157
1273992,Chopda,Maharashtra,21.24578,75.29946,72783
1274033,Chittoor,Andhra Pradesh,13.21055,79.0956,160722
1274040,Chittorgarh,Rajasthan,24.88963,74.62403,116406
1274056,Chitradurga,Karnataka,14.22262,76.40038,145853
1274106,Chirala,Andhra Pradesh,15.82385,80.35219,92942
1274119,Chiplun,Maharashtra,17.53339,73.50935,55139
1274129,Chintamani,Karnataka,13.40051,78.05172,76068
1274213,Chilakalurupet,Andhra Pradesh,16.08987,80.16705,101398
1274220,Chikmagalur,Karnataka,13.32231,75.774,121484
1274237,Chikhli,Maharashtra,20.35046,76.25774,57889
1274243,Chik Ballapur,Karnataka,13.43512,77.72787,63652
1274256,Chidambaram,Tamil Nadu,11.39933,79.69144,62153
1274304,Chhindwara,Madhya Pradesh,22.05697,78.93958,175052
1274315,Chhibramau,Uttar Pradesh,27.14872,79.50078,57071
1274337,Chhatarpur,Madhya Pradesh,24.9177,79.58871,142128
1274353,Chapra,Bihar,25.78031,84.74709,202352
1274430,Chengalpattu,Tamil Nadu,12.69184,79.97661,65689
1274496,Chaumu,Rajasthan,27.16955,75.72226,64417
1274553,Chas,Jharkhand,23.63556,86.16712,141640
1274571,Charkhi Dadri,Haryana,28.59166,76.27161,56337
1274641,Channapatna,Karnataka,12.65143,77.20672,71942
1274664,Changanacheri,Kerala,9.44203,76.53604,51430
1274693,Chandrapur,Maharashtra,19.95076,79.29523,328351
1274714,Chandpur,Uttar Pradesh,29.13489,78.27187,73555
1274746,Chandigarh,Chandigarh,30.73629,76.7884,970602
1274767,Chanduasi,Uttar Pradesh,28.45178,78.78277,112635
1274784,Chandannagar,West Bengal,22.86225,88.36796,180623
1274821,Chamrajnagar,Karnataka,11.92312,76.93949,69875
1274862,Challakere,Karnataka,14.318,76.65165,55194
1274868,Chalisgaon,Maharashtra,20.45781,75.01596,97551
1274890,Chakradharpur,Jharkhand,22.67611,85.62892,56531
1274928,Chaibasa,Jharkhand,22.55038,85.80249,69565
1274987,Kannur,Kerala,11.86752,75.35763,62836
1275004,Kolkata,West Bengal,22.56263,88.36304,4631392
1275019,Buxar,Bihar,25.57548,83.98043,102861
1275068,Burhanpur,Madhya Pradesh,21.30868,76.23026,210886
1275103,Bundi,Rajasthan,25.43855,75.63735,104919
1275117,Buldana,Maharashtra,20.52933,76.18457,67431
1275120,Bulandshahr,Uttar Pradesh,28.40392,77.85773,198612
1275163,Budaun,Uttar Pradesh,28.03811,79.12668,161555
1275194,Brajarajnagar,Odisha,21.81667,83.91667,80403
1275198,Brahmapur,Odisha,19.31151,84.7929,356598
1275218,Botad,Gujarat,22.16917,71.66671,130327
1275230,Borsad,Gujarat,22.40788,72.89817,63377
1275248,Borivli,Maharashtra,19.23496,72.85976,609617
1275321,Bongaigaon,Assam,26.47703,90.55815,67322
1275339,Mumbai,Maharashtra,19.07283,72.88261,12691836
1275346,Bolpur,West Bengal,23.66278,87.69695,70998
1275362,Bokaro,Jharkhand,23.66934,86.15161,564319
1275388,Bodinayakkanur,Tamil Nadu,10.01171,77.34976,75680
1275391,Bodhan,Telangana,18.66208,77.88581,77573
1275406,Bobbili,Andhra Pradesh,18.57366,83.35925,56819
1275435,Biswan,Uttar Pradesh,27.49581,80.99618,52516
1275462,Bishnupur,West Bengal,23.0738,87.31991,64041
1275481,Bisalpur,Uttar Pradesh,28.29253,79.80472,68355
1275539,Beed,Maharashtra,18.98921,75.75634,146709
1275582,Etawa,Madhya Pradesh,24.18351,78.20289,55185
1275610,Bilimora,Gujarat,20.76957,72.96134,510879
1275637,Bilaspur,Chhattisgarh,22.08005,82.15543,365579
1275665,Bikaner,Rajasthan,28.01762,73.31495,644406
1275679,Bijnor,Uttar Pradesh,29.373,78.13636,84593
1275701,Vijayapura,Karnataka,16.82442,75.71537,327427
1275716,Bihar Sharif,Bihar,25.20084,85.52389,297268
1275738,Bidar,Karnataka,17.90802,77.51524,216020
1275778,Bhusawal,Maharashtra,21.04365,75.78506,187421
1275812,Bhuj,Gujarat,23.25397,69.66928,148834
1275817,Bhubaneswar,Odisha,20.27241,85.83385,885363
1275841,Bhopal,Madhya Pradesh,23.25469,77.40289,1798218
1275848,Bhongir,Telangana,17.51544,78.88563,53339
1275899,Bhiwani,Haryana,28.79304,76.13968,196057
1275901,Bhiwandi,Maharashtra,19.30023,73.05881,874032
1275926,Bhind,Madhya Pradesh,26.56671,78.78728,197585
1275930,Bhimunipatnam,Andhra Pradesh,17.89017,83.45203,55082
1275947,Bhimavaram,Andhra Pradesh,16.54078,81.52322,146961
1275960,Bhilwara,Rajasthan,25.34707,74.64081,359483
1275971,Bhilai,Chhattisgarh,21.20919,81.4285,627734
1275984,Bhetia,Jharkhand,22.79321,86.14098,174355
1276014,Bhayandar,Maharashtra,19.30157,72.85107,809378
1276023,Bhawanipatna,Odisha,19.90717,83.16697,69045
1276032,Bhavnagar,Gujarat,21.76287,72.15331,605882
1276058,Bhatpara,West Bengal,22.86643,88.40113,483129
1276070,Bathinda,Punjab,30.20747,74.93893,285788
1276084,Bhatapara,Chhattisgarh,21.735,81.94711,57537
1276100,Bharuch,Gujarat,21.69482,72.9805,169007
1276128,Bharatpur,Rajasthan,27.21731,77.49009,252838
1276191,Bhandara,Maharashtra,21.16817,79.64885,91845
1276300,Bhagalpur,Bihar,25.24446,86.97183,400146
1276320,Bhadreswar,West Bengal,22.82449,88.33841,121662
1276321,Bhadravati,Karnataka,13.84846,75.70502,163903
1276325,Bhadrak,Odisha,21.05447,86.5156,121338
1276328,Bhadrachalam,Telangana,17.66846,80.88887,50087
1276335,Bhadohi,Uttar Pradesh,25.39526,82.5703,78568
1276371,Bhabhua,Bihar,25.04049,83.60749,50179
1276378,Beypore,Kerala,11.17151,75.80611,70751
1276389,Betul,Madhya Pradesh,21.90056,77.90229,103330
1276393,Bettiah,Bihar,26.80229,84.50311,132209
1276509,Ballari,Karnataka,15.14205,76.92398,410445
1276533,Belagavi,Karnataka,15.85212,74.50447,490045
1276574,Bela,Uttar Pradesh,25.92058,81.99629,73992
1276609,Begusarai,Bihar,25.41853,86.13389,252008
1276634,Beawar,Rajasthan,26.10119,74.32028,151152
1276663,Bawana,Delhi,28.7982,77.03431,73680
1276720,Batala,Punjab,31.80921,75.20294,158621
1276736,Basti,Uttar Pradesh,26.78817,82.71617,115115
1276752,Basoda,Madhya Pradesh,23.85153,77.93652,78289
1276757,Basmat,Maharashtra,19.32872,77.15746,68846
1276759,Basirhat City,West Bengal,22.66142,88.85477,143007
1276783,Basavakalyan,Karnataka,17.87445,76.94972,69717
1276810,Barwani,Madhya Pradesh,22.03232,74.89982,55504
1276829,Baruni,Bihar,25.47509,85.96813,84888
1276832,Baruipur,West Bengal,22.36544,88.4325,53128
1276856,Barshi,Maharashtra,18.23454,75.69275,118722
1276895,Barnala,Punjab,30.37451,75.5487,116449
1276901,Barmer,Rajasthan,25.74572,71.39211,96225
1276942,Baripada,Odisha,21.93458,86.72852,116849
1276948,Bari,Rajasthan,26.64661,77.61634,62721
1276977,Barh,Bihar,25.48339,85.70928,61470
1276988,Bargarh,Odisha,21.33348,83.61905,80625
1277013,Bareilly,Uttar Pradesh,28.36678,79.43167,745435
1277022,Bardoli,Gujarat,21.12297,73.11151,60821
1277029,Barddhaman,West Bengal,23.25572,87.85691,301725
1277044,Baraut,Uttar Pradesh,29.10199,77.26334,93544
1277065,Barasat,West Bengal,22.72154,88.48198,298127
1277084,Baran,Rajasthan,25.1,76.51667,117992
1277085,Baramula,Jammu and Kashmir,34.209,74.34285,77276
1277091,Baramati,Maharashtra,18.15174,74.57767,54415
1277100,Barakpur,West Bengal,22.76602,88.36336,148174
1277183,Bapatla,Andhra Pradesh,15.90422,80.46743,70777
1277214,Banswara,Rajasthan,23.54109,74.4425,101017
1277240,Bansbaria,West Bengal,22.95387,88.40098,108474
1277264,Bankura,West Bengal,23.23241,87.0716,133966
1277322,Bangaon,Bihar,25.86728,86.51152,60000
1277324,Bangaon,West Bengal,23.04553,88.83084,111693
1277333,Bengaluru,Karnataka,12.97194,77.59369,8495492
1277397,Banda,Uttar Pradesh,25.47758,80.33491,152218
1277508,Balurghat,West Bengal,25.22099,88.77732,153279
1277525,Balrampur,Uttar Pradesh,27.42949,82.18545,77396
1277527,Balotra,Rajasthan,25.83242,72.24,74496
1277539,Bali,West Bengal,22.64859,88.34115,296973
1277599,Balasore,Odisha,21.49266,86.93348,144373
1277643,Balangir,Odisha,20.70419,83.49029,98238
1277661,Balaghat,Madhya Pradesh,21.8156,80.18845,84261
1277723,Budge Budge,West Bengal,22.48275,88.18176,76837
1277780,Baidyabati,West Bengal,22.78498,88.32586,115504
1277799,Bahraigh,Uttar Pradesh,27.57429,81.59474,182218
1277814,Baheri,Uttar Pradesh,28.77416,79.4974,63953
1277820,Baharampur,West Bengal,24.10473,88.25155,180547
1277835,Bahadurgarh,Haryana,28.69287,76.93555,170767
1277936,Bagalkot,Karnataka,16.18673,75.69614,111933
1277939,Bagaha,Bihar,27.09918,84.09003,112634
1277940,Bagaha,Bihar,24.52898,85.06019,91383
1277949,Badvel,Andhra Pradesh,14.7451,79.06288,70626
1277976,Badlapur,Maharashtra,19.15516,73.26553,174226
1278023,Badagara,Kerala,11.59776,75.58142,76493
1278026,Bada Barabil,Odisha,22.11186,85.38684,56870
1278083,Azamgarh,Uttar Pradesh,26.06832,83.18358,116644
1278094,Ayodhya,Uttar Pradesh,26.79909,82.2047,53293
1278130,Avadi,Tamil Nadu,13.1147,80.10981,345996
1278148,Aurangabad,Bihar,24.75204,84.3742,102244
1278149,Aurangabad,Maharashtra,19.87757,75.34226,1175116
1278152,Auraiya,Uttar Pradesh,26.46517,79.50918,70508
1278173,Attur,Tamil Nadu,11.59414,78.60143,61793
1278178,Attili,Andhra Pradesh,16.7,81.6,68196
1278294,Ashta,Madhya Pradesh,23.01754,76.72208,53184
1278297,Ashoknagar,Madhya Pradesh,24.57578,77.73123,81828
1278314,Asansol,West Bengal,23.68333,86.98333,504271
1278334,Arwal,Bihar,25.24281,84.66571,51849
1278340,Aruppukkottai,Tamil Nadu,9.5096,78.09588,87722
1278354,Arsikere,Karnataka,13.31446,76.25704,53216
1278432,Arcot,Tamil Nadu,12.90569,79.31897,55955
1278446,Araria,Bihar,26.14934,87.51323,79021
1278454,Arni,Tamil Nadu,12.66771,79.28529,63671
1278466,Arambagh,West Bengal,22.88333,87.78333,60639
1278471,Arakkonam,Tamil Nadu,13.08449,79.67053,79080
1278483,Arrah,Bihar,25.55629,84.66335,261430
1278498,Aonla,Uttar Pradesh,28.27402,79.16521,50011
1278553,Ankleshwar,Gujarat,21.63236,72.99001,89457
1278573,Anjar,Gujarat,23.11316,70.02671,87183
1278580,Anjangaon,Maharashtra,21.16516,77.3091,56380
1278667,Anantnag,Jammu and Kashmir,33.73068,75.15418,150592
1278672,Anantapur,Andhra Pradesh,14.67784,77.60813,267161
1278685,Anand,Gujarat,22.55251,72.9552,209410
1278688,Anakapalle,Andhra Pradesh,17.69134,83.00395,86519
1278697,Amur,Telangana,18.79284,78.27666,64023
1278708,Amroha,Uttar Pradesh,28.90314,78.46984,176253
1278710,Amritsar,Punjab,31.62234,74.87534,1159227
1278715,Amreli,Gujarat,21.59983,71.21169,117967
1278718,Amravati,Maharashtra,20.93333,77.75,647057
1278815,Ambur,Tamil Nadu,12.79163,78.71644,114608
1278827,Ambikapur,Chhattisgarh,23.11892,83.19537,121071
1278840,Ambattur,Tamil Nadu,13.09818,80.16152,466205
1278860,Ambala,Haryana,30.36099,76.79782,195153
1278862,Ambajogai,Maharashtra,18.73312,76.38616,74114
1278903,Ambarnath,Maharashtra,19.2,73.16667,253475
1278931,Amalner,Maharashtra,21.03983,75.05887,97369
1278935,Amalapuram,Andhra Pradesh,16.57868,82.00609,53231
1278946,Alwar,Rajasthan,27.56246,76.625,322568
1278983,Allinagaram,Tamil Nadu,10.02737,77.47815,94453
1278985,Alappuzha,Kerala,9.49004,76.3264,240991
1278994,Prayagraj,Uttar Pradesh,25.44478,81.84322,1073438
1279003,Alipur Duar,West Bengal,26.4835,89.52286,65232
1279017,Aligarh,Uttar Pradesh,27.88145,78.07464,753207
1279094,Akot,Maharashtra,21.0963,77.0588,92637
1279105,Akola,Maharashtra,20.70957,76.9981,428857
1279159,Ajmer,Rajasthan,26.4521,74.63867,542321
1279186,Aizawl,Mizoram,23.72894,92.71791,293416
1279228,Ahilyanagar,Maharashtra,19.09457,74.73843,367140
1279233,Ahmedabad,Gujarat,23.02579,72.58727,6357693
1279259,Agra,Uttar Pradesh,27.18333,78.01667,1430055
1279290,Agartala,Tripura,23.83605,91.27939,400004
1279335,Adoni,Andhra Pradesh,15.62788,77.27495,184625
1279344,Adilabad,Telangana,19.67203,78.5359,118526
1279390,Achalpur,Maharashtra,21.25665,77.51006,112311
1279394,Abu Road,Rajasthan,24.48012,72.78186,55599
1279403,Abohar,Punjab,30.14453,74.19552,145302
1344069,Contai,West Bengal,21.77985,87.74892,88702
1344377,Haldia,West Bengal,22.06046,88.10975,170695
1348747,Bankra,West Bengal,22.60291,88.27751,56273
1348843,Maheshtala,West Bengal,22.50862,88.25322,448317
1430991,Soyibug,Jammu and Kashmir,34.07677,74.7057,104000
1443381,Roshanpura,Delhi,28.60057,76.98918,57217
1465594,Madhavaram,Tamil Nadu,13.14819,80.2314,119105
1465873,Kavanur,Tamil Nadu,12.99623,80.07514,54986
1466012,Nerkunram,Tamil Nadu,13.06194,80.20944,59790
1466021,Viraraghavapuram,Tamil Nadu,13.07306,80.10778,64698
6690108,Panchkula,Haryana,30.69461,76.8504,211355
6954929,Greater Noida,Uttar Pradesh,28.49615,77.53601,293908
6989891,Zerakpur,Punjab,30.65622,76.82093,95553
6990539,Bina,Madhya Pradesh,24.17161,78.18755,64529
6992326,Mohali,Punjab,30.67995,76.72211,166864
7279595,Pithampur,Madhya Pradesh,22.60197,75.69649,126200
7279597,Barbil,Odisha,22.10194,85.37752,66540
7279599,Airoli,Maharashtra,19.15096,72.99625,100000
7279741,Vapi,Gujarat,20.37175,72.90493,163630
7279746,Noida,Uttar Pradesh,28.58,77.33,293908
7279747,Bhiwadi,Rajasthan,28.21024,76.86056,104921
7279752,Mandideep,Madhya Pradesh,23.08166,77.53328,59654
7279754,Singrauli,Madhya Pradesh,24.19973,82.67535,220257
7284820,Jaigaon,West Bengal,26.84766,89.37558,158664
7302806,Bellampalli,Telangana,19.05577,79.493,66660
7302810,Gaddi Annaram,Telangana,17.36687,78.5242,53622
7302826,Lal Bahadur Nagar,Telangana,17.34769,78.55757,261987
7302828,Malkajgiri,Telangana,17.44781,78.52633,150000
7302829,Mandamarri,Telangana,18.96506,79.47475,66176
7302830,Chinnachowk,Andhra Pradesh,14.47516,78.8354,64053
7302833,Gajuwaka,Andhra Pradesh,17.7,83.21667,258944
7302835,Metpalle,Telangana,18.84724,78.62563,50902
7302844,Ponnur,Andhra Pradesh,16.07114,80.54944,59913
7302845,Quthbullapur,Telangana,17.50107,78.45818,225816
7302847,Palwancha,Telangana,17.58152,80.67651,80199
7302856,Serilingampalle,Telangana,17.49313,78.30196,150525
7302861,Ashoknagar Kalyangarh,West Bengal,22.86416,88.63701,111475
7626690,Pimpri-Chinchwad,Maharashtra,18.61867,73.80375,1727692
8133395,Kharghar,Maharashtra,19.04979,73.07024,80612
8223943,Kumarapalayam,Tamil Nadu,11.44495,77.71102,195071
8223970,Virudhachalam,Tamil Nadu,11.51497,79.32824,73585
8335333,Electronic City Phase I,Karnataka,12.85492,77.6633,76348
8430980,Shella,Meghalaya,25.17861,91.63952,54039
8439888,Sultanganj,Bihar,25.23831,86.73559,52892
8440756,Modinagar,Uttar Pradesh,28.83059,77.57295,475843
8441115,Nimach,Rajasthan,24.45949,74.86625,128561
8541672,Kagaznagar,Telangana,19.33159,79.46605,57583
8629640,Thoothukudi,Tamil Nadu,8.76735,78.13425,410760
8740017,Gadag-Betageri,Karnataka,15.4167,75.6167,172813
8740018,Rabkavi-Banhatti,Karnataka,16.47,75.12,77004
8740322,Rudrapur,Uttarakhand,28.98,79.4,154554
8741024,Sunabeda,Odisha,18.7284,82.82932,50394
8741053,Rajgangpur,Odisha,22.2,84.583,51362
9072827,Thodupuzha,Kerala,9.89394,76.72216,52045
9212568,Neelankarai,Tamil Nadu,12.9495,80.2592,76600
9408449,Srikalahasti,Andhra Pradesh,13.75514,79.70143,80056
9972727,Maduravoyal,Tamil Nadu,13.0675,80.1632,86195
10209444,Sarni,Madhya Pradesh,22.10317,78.17159,86141
10261509,Burari,Delhi,28.7557,77.19941,146190
10263049,Begampur,Delhi,28.72655,77.06689,53682
10263050,Puth Kalan,Delhi,28.7116,77.07887,96002
10263053,Mundka,Delhi,28.68012,77.02975,54541
10263061,Baprola,Delhi,28.64133,77.01415,52744
10263066,Hashtsal,Delhi,28.63406,77.05771,176877
10263097,Kapas Herd,Delhi,28.52614,77.08396,74073
10263153,Kirari Sulemannagar,Delhi,28.69736,77.0648,283211
10263162,Sahibabad Daulotpur,Delhi,28.74705,77.11465,54773
10263165,Mukandpur,Delhi,28.73944,77.18315,57135
10263167,Bhalswa Jahangirpur,Delhi,28.73558,77.16682,197148
10263232,Deoli,Delhi,28.50254,77.23117,169122
10263300,Sadatpur Gujran,Delhi,28.72834,77.24817,97641
10265071,Mandoli,Delhi,28.70275,77.30995,120417
10265161,Chilla Soroda Bangar,Delhi,28.59572,77.30189,83217
10265162,Dalupura,Delhi,28.6057,77.31901,154791
10265190,Molarband,Delhi,28.50295,77.31442,91402
10265191,Jaitpur,Haryana,28.50647,77.32976,59330
10265220,Gharroli,Delhi,28.6167,77.33207,92540
10265943,Mithepur,Delhi,28.4974,77.31856,69837
10281812,Choudwar,Odisha,20.53917,85.91512,52999
10400284,Benipur,Bihar,26.05509,86.14557,75317
10469921,Wari,Maharashtra,21.15313,79.0076,54048
10689545,Bangarda Chhota,Madhya Pradesh,22.74354,75.81448,64213
10733738,Gobindgarh,Punjab,30.67089,76.30192,82266
10834495,Madhurampur Dehri,Bihar,24.96899,84.1964,137231
10894229,Bihat,Bihar,25.42534,86.02083,67952
10929901,Tennala,Kerala,10.99342,75.93504,56546
11127930,Phusro,Jharkhand,23.75644,86.0051,185555
11184254,Bagbera,Jharkhand,22.75948,86.19049,78356
11184435,Shrirampur,Maharashtra,19.62201,74.65699,89282
11184442,Savarkundla,Gujarat,21.33726,71.3035,78354
11184474,Rampura Phul,Punjab,30.27563,75.24253,51023
11461652,Idaiyarpalaiyam,Tamil Nadu,11.03937,76.92369,83908
11463772,Edattala,Kerala,10.05639,76.38451,77811
11500546,Kurichchi,Tamil Nadu,10.96085,76.97379,123667
11500547,Kuniyamuttur,Tamil Nadu,10.96376,76.95254,95924
11520178,Velampalaiyam,Tamil Nadu,11.13764,77.31064,87427
11520202,Nerupperichchal,Tamil Nadu,11.16105,77.37398,53579
11520375,Virapandi,Tamil Nadu,11.06247,77.35076,50301
11520454,Nallur,Tamil Nadu,11.1003,77.39136,70115
11522307,Periya Semur,Tamil Nadu,11.36088,77.68952,55282
11522311,Virappanchathiram,Tamil Nadu,11.35314,77.71253,84453
11522316,Kasipalaiyam,Tamil Nadu,11.31984,77.70971,73425
11626023,Saunda,Jharkhand,23.66453,85.32694,81915
11657313,Tandoni,Tamil Nadu,10.92611,78.0941,53854
11664525,Anaiyur,Tamil Nadu,9.96152,78.1118,63917
11664565,Avaniyapuram,Tamil Nadu,9.88179,78.11255,89635
11679708,Gundupalaiyam,Puducherry,11.94096,79.80294,300104
12032137,Kushinagar,Uttar Pradesh,26.74134,83.88689,274403
12165955,Mulugu,Telangana,18.191,79.943,297671
12165956,Kallakurichi,Tamil Nadu,11.73379,78.95925,1682687
12261477,Amaravati,Andhra Pradesh,16.514,80.516,103000
12501153,Kanayannur,Kerala,9.96667,76.26667,851406
12501195,Shahuwadi,Maharashtra,16.90993,73.94654,180322
12503616,Bhadravati,Maharashtra,20.1001,79.11442,60565
12522807,Byasanagar,Odisha,20.95569,86.12643,56946
12523250,Mawlai-Mawiong,Meghalaya,25.62322,91.88175,55012
13156777,Jaggaiahpet,Andhra Pradesh,16.89155,80.09551,53530
13156931,Phulwari Sharif,Bihar,25.57765,85.07246,81740
13156932,Dinapur Nizamat,Bihar,25.63847,85.05118,182429
13156961,Bhilai Charoda,Chhattisgarh,21.22305,81.45609,98008
13157008,Nithari,Delhi,28.70489,77.05285,50464
13157009,Taj Pul,Delhi,28.49482,77.30587,68796
13157010,Ziauddin Pur,Delhi,28.70873,77.27654,68993
13157011,Pul Pehlad,Delhi,28.49938,77.29104,69657
13157012,Khajoori Khas,Delhi,28.70958,77.2587,76640
13157013,Sultan Pur Majra,Delhi,28.68966,77.07648,181554
13157141,Vijalpor,Gujarat,20.92212,72.90945,81245
13157159,Panipat Taraf Makhdum Zadgan,Haryana,29.41607,76.98831,67998
13157160,Ambala Sadar,Haryana,30.33544,76.86265,104974
13308246,Raurkela Industrial Township,Odisha,22.19994,84.86176,216410
13353441,Mango,Jharkhand,22.8275,86.21639,223805
13353582,Vazhakkala,Kerala,10.01239,76.32633,51242
13353583,Pallichal,Kerala,8.44976,77.02573,53861
13353584,Moonniyur,Kerala,11.05972,75.90311,55535
13353585,Cheruvannur,Kerala,11.19033,75.82833,61614
13353619,Kolar,Madhya Pradesh,23.16478,77.41893,87882
13353691,Wadgaon Kolhati,Maharashtra,19.84307,75.236,65620
13494597,Naya Gaon,Punjab,30.77515,76.79308,50869
13494722,Ramapuram,Tamil Nadu,13.03179,80.18243,52295
13494723,Maraimalainagar,Tamil Nadu,12.79782,80.02502,81872
13494731,Khanapuram Haveli,Telangana,17.26239,80.16809,53442
13645699,Kanpur Cantonment,Uttar Pradesh,26.45942,80.37514,108534
13665129,Nani Daman,Dadra and Nagar Haveli and Daman and Diu,20.41431,72.83236,62000
