code,name,lat,lon
IN-AN,Andaman and Nicobar Islands,12.6028,92.8288
IN-AP,Andhra Pradesh,15.7564,79.966
IN-AR,Arunachal Pradesh,28.036,94.6751
IN-AS,Assam,26.3547,92.8257
IN-BR,Bihar,25.6795,85.6099
IN-CH,Chandigarh,30.7293,76.7805
IN-CT,Chhattisgarh,21.2665,82.0411
IN-DH,Dadra and Nagar Haveli and Daman and Diu,20.1931,73.0715
IN-DL,Delhi,28.6434,77.1155
IN-GA,Goa,15.3638,74.054
IN-GJ,Gujarat,22.6995,71.5724
IN-HR,Haryana,29.1982,76.3402
IN-HP,Himachal Pradesh,31.9261,77.2446
IN-JK,Jammu and Kashmir,33.6725,74.8572
IN-JH,Jharkhand,23.6563,85.5641
IN-KA,Karnataka,14.7103,76.1674
IN-KL,Kerala,10.4507,76.4085
IN-LA,Ladakh,34.9439,76.7965
IN-LD,Lakshadweep,10.8115,73.678
IN-MP,Madhya Pradesh,23.5382,78.289
IN-MH,Maharashtra,19.4515,76.1077
IN-MN,Manipur,24.735,93.8787
IN-ML,Meghalaya,25.5356,91.2773
IN-MZ,Mizoram,23.3077,92.8318
IN-NL,Nagaland,26.0629,94.4668
IN-OR,Odisha,20.5139,84.4303
IN-PY,Puducherry,10.9328,79.8034
IN-PB,Punjab,30.8425,75.4154
IN-RJ,Rajasthan,26.5844,73.8497
IN-SK,Sikkim,27.5699,88.4734
IN-TN,Tamil Nadu,11.0146,78.409
IN-TG,Telangana,17.8008,79.0084
IN-TR,Tripura,23.7449,91.7392
IN-UP,Uttar Pradesh,26.9233,80.5662
IN-UT,Uttarakhand,30.1565,79.2067
IN-WB,West Bengal,23.8602,87.9689
