name,state_code
Vindhyachal power station,IN-MP
Mundra Thermal Power Project (Adani),IN-GJ
Ramagundam power station,IN-TG
Tata Mundra Ultra Mega Power Project,IN-GJ
Sasan Ultra Mega Power Project,IN-MP
Tamnar power station,IN-CT
Tiroda Thermal Power Project,IN-MH
Talcher Kaniha Super Thermal Power Station,IN-OR
Rihand power station,IN-UP
Sipat power station,IN-CT
Chandrapur Thermal Power Station,IN-MH
Suratgarh Super Thermal Power Station,IN-RJ
Korba Super Thermal Power Station (NTPC),IN-CT
Dr. Narla Tata Rao Thermal power station,IN-AP
Shree Singaji Thermal Power Project,IN-MP
Jharsuguda Sterlite power station,IN-OR
Sri Damodaram Sanjeevaiah Thermal Power Station,IN-AP
Kudgi Super Thermal Power Project,IN-KA
Mejia power station,IN-WB
Kahalgaon Super Thermal Power Plant,IN-BR
Chhabra Thermal Power Station,IN-RJ
Mauda power station,IN-MH
Obra Thermal Power Station,IN-UP
Wanakbori Thermal Power Station,IN-GJ
Koradi Thermal Power Station,IN-MH
Farakka power station,IN-WB
BALCO Korba power station,IN-CT
Simhadri power station,IN-AP
Singrauli Super Thermal Power Station,IN-UP
Nabinagar Super Thermal Power Project,IN-BR
Talwandi Sabo Power Project,IN-PB
Lalitpur power project,IN-UP
Bara Thermal Power Project,IN-UP
Barh I power station,IN-BR
North Karanpura power station,IN-JH
Neyveli Thermal Power Station II,IN-TN
Bhusawal Thermal Power Station,IN-MH
North Chennai Thermal Power Station,IN-TN
National Capital Dadri Thermal Power Plant,IN-UP
Kothagudem Thermal Power Station,IN-TG
KSK Mahanadi Power Project,IN-CT
Tanda power station,IN-UP
Ib Valley Thermal Power Station,IN-OR
Raichur Thermal Power Station,IN-KA
Bellary Thermal Power Station,IN-KA
Rayalaseema Thermal Power Project,IN-AP
Anpara power station,IN-UP
Lara Integrated Thermal Power Project,IN-CT
Sagardighi Thermal Power Station,IN-WB
Yadadri power station,IN-TG
Gadarwara Super Thermal Power Project,IN-MP
Yermarus power station,IN-KA
Darlipali power station,IN-OR
Adani Godda power station,IN-JH
Feroze Gandhi Unchahar Power Station,IN-UP
Vallur Thermal Power Plant,IN-TN
Indira Gandhi Super Thermal Power Project,IN-HR
Uchpinda power station,IN-CT
Mettur Thermal Power Station,IN-TN
Rajpura Thermal Power Project,IN-PB
Raikheda power station,IN-CT
Amravati Thermal Power Project,IN-MH
Nasik RattanIndia Thermal Power Project,IN-MH
Khaperkheda power station,IN-MH
Hasdeo Thermal Power Station,IN-CT
Sanjay Gandhi power station,IN-MP
Muthukur Mandal power station (Painampuram),IN-AP
Bander power station,IN-AP
Mahatma Gandhi power station,IN-HR
Barh II power station,IN-BR
Khargone power station,IN-MP
Solapur power station,IN-MH
Jaypee Nigrie Super Thermal Power Project,IN-MP
Jawaharpur Thermal Project,IN-UP
Meja Thermal Power Project,IN-UP
Khurja power station,IN-UP
Kawai Thermal Power Project,IN-RJ
Ghatampur power station,IN-UP
Harduaganj power station,IN-UP
Anuppur Thermal Power Project,IN-MP
Kota power station,IN-RJ
Jharsuguda CPP power station,IN-OR
Salaya power plant,IN-GJ
Rajiv Gandhi Thermal Power Project,IN-HR
Raghunathpur Thermal Power Station,IN-WB
Udupi power station,IN-KA
Mutiara Coastal Energen Thermal Power Plant,IN-TN
Ratnagiri Power Plant,IN-MH
Baradarha power station,IN-CT
Anpara-C power station,IN-UP
Rosa Thermal Power Plant,IN-UP
Kalisindh Thermal Power Station,IN-RJ
Pegadapalli (Jaipur Mandal) power station,IN-TG
Cuddalore IL&FS power station,IN-TN
Mahan Super Thermal Power Project,IN-MP
Angul Smelter power station,IN-OR
Angul power station,IN-OR
Ukai Thermal Power Station,IN-GJ
Kakatiya Thermal Power Project,IN-TG
JSW Barmer Jalipa Kapurdi power station,IN-RJ
Bhadradri power station,IN-TG
Kamalanga power station,IN-OR
Tuticorin Thermal Power Station,IN-TN
Bakreswar Thermal Power Station,IN-WB
Maithon Right Bank Thermal Power Station,IN-JH
Vizag Thermal Power Plant,IN-AP
Meenakshi Energy Thermal Power Project,IN-AP
Tuticorin NTPL power station,IN-TN
Anpara-D power station,IN-UP
New Neyveli Thermal Power Station,IN-TN
Durgapur Steel City Andal power station,IN-WB
Koderma Thermal Power Station,IN-JH
Nabinagar Thermal Power Project,IN-BR
Marwa power station,IN-CT
Guru Hargobind Lehra Mohabbat Power Station,IN-PB
Parichha power station,IN-UP
Aditya Aluminium power station,IN-OR
Mahan Aluminium power station,IN-MP
JSW Vijayanagar Toranagallu power station,IN-KA
Kolaghat Thermal Power Station,IN-WB
Ropar power station,IN-PB
Angul Steel power station,IN-OR
Patratu JSEB power station,IN-JH
Budge Budge Generating Station,IN-WB
Parli Thermal Power Station,IN-MH
Trombay power station,IN-MH
Bongaigaon power station,IN-AS
Renusagar power station,IN-UP
Panipat power station,IN-HR
Jharsuguda Ind-Barath power station,IN-OR
Buxar Thermal Power Station,IN-BR
Panki Thermal Power Station,IN-UP
Nasik MAHAGENCO Thermal Power Station,IN-MH
Gandhinagar Thermal Power Station,IN-GJ
Haldia Energy power station,IN-WB
Adani Raigarh Thermal Power Plant,IN-CT
Simhapuri Thamminapatnam power station,IN-AP
NTPC Seoni power station,IN-MP
GMR Warora Energy power station,IN-MH
Korba Power Thermal Power Plant (Adani),IN-CT
Binjkote power station,IN-CT
Raigarh TRN Power Project,IN-CT
Athena Chhattisgarh power station,IN-CT
Dhariwal power station,IN-MH
Butibori Power Project,IN-MH
Deenbandhu Chhotu Ram Thermal Power Plant,IN-HR
Bhilai Steel power station,IN-CT
Durgapur Projects Limited power station,IN-WB
Jojobera Power Plant,IN-JH
Dongamahua Captive Power Plant,IN-CT
Mahadev Prasad Super Thermal Power Plant,IN-JH
Goindwal Sahib Thermal Power Plant,IN-PB
Wardha Warora Power Plant,IN-MH
SEPC Tuticorin power station,IN-TN
Bhavnagar power station,IN-GJ
Dr. Shyama Prasad Mukherjee Thermal Power Station,IN-CT
Barauni power station,IN-BR
Bina Thermal Power Project,IN-MP
Paras power station,IN-MH
Dahanu power station,IN-MH
Satpura Thermal Power Station,IN-MP
Sikka Thermal Power Station,IN-GJ
Chandrapura power station,IN-JH
Bokaro Thermal Power Station,IN-JH
Surat Lignite Power Plant,IN-GJ
Santaldih Thermal Power Station,IN-WB
